Tsid,Variable,NewValue
LPD1d1e6750,pub1_doi,10.1038/nature13196
LPD1756fdf4,pub1_doi,10.1038/nature13196
WEBf46bc2c2,pub2_doi,10.1016/j.yqres.2007.07.008
WEBf23684ea,pub2_doi,10.1038/nature10685
WEBf652d8e7,pub2_doi,10.1016/j.gloplacha.2011.06.004
WEB4362aee7,pub2_doi,10.1007/s10933-020-00164-8
WEB8d973712,pub2_doi,10.1111/1755-6724.14538
WEB2b09ab9c,pub2_doi,10.1002/jqs.1484
WEBecd5f91f,pub2_doi,10.1073/pnas.1323585111
WEBa6153aaf,pub2_doi,10.1016/S0031-0182(03)00275-X
WEB45411107,pub2_doi,10.1038/s41467-017-01454-y
S2LRNh2zmbQt44,pub2_doi,"The so-called “4.2 Event” in the central Mediterranean and its climate teleconnections (2015). Alpine and Mediterranean Quaternary, 29(1), 5-17. https://amq.aiqua.it/index.php/amq/article/view/91"
S2LRwdQvzjr8rq,pub2_doi,"The so-called “4.2 Event” in the central Mediterranean and its climate teleconnections (2015). Alpine and Mediterranean Quaternary, 29(1), 5-17. https://amq.aiqua.it/index.php/amq/article/view/91"
WEB20f89efc,pub2_doi,10.1038/ngeo289
S2LRwdQvzjr8rq,pub2_doi,
S2LR5E5HYoppj9,pub2_doi,"Verheyden, S., E. Keppens, Y. Quinif, H. J. Cheng, & L. R. Edwards (2014). Late-glacial and Holocene climate reconstruction as inferred from a stalagmite - Grotte du Pere Noel, Han-sur-Lesse, Belgium. Geologica Belgica. 17. 83-89. "
S2LR6dZP0RBWKz,pub2_doi,"Verheyden, S., E. Keppens, Y. Quinif, H. J. Cheng, & L. R. Edwards (2014). Late-glacial and Holocene climate reconstruction as inferred from a stalagmite - Grotte du Pere Noel, Han-sur-Lesse, Belgium. Geologica Belgica. 17. 83-89. "
pdR3iBvTlj5zwy8bjTI,pub1_doi,10.1002/2015WR017850
pdRo4qVPibvVmQpFyRt,pub1_doi,10.1191/0959683605hl889rp
pdRePrUACmQFQiQeVdA,pub1_doi,10.1126/science.203.4381.609
pdRrmkVD3TsBOeoXn7g,pub1_doi,10.1016/0031-0182(92)90115-L
pdRQMrcbT7IHqNHz1vg,pub1_doi,10.1006/qres.1998.2005
pdRkllG1u6H84pPNEn8,pub1_doi,10.1016/j.quascirev.2013.09.001
pdRwshhqDptCy27nlfs,pub1_doi,10.1016/j.quascirev.2005.11.014
pdRXoXk6qKsU102x2C4,pub1_doi,10.1006/qres.1999.2120
pdRQCNa1fNSbgmaYC9D,pub1_doi,10.1016/j.yqres.2011.01.006
pdRQF0zAqzO4AmBeGOQ,pub1_doi,10.1111/j.1502-3885.1993.tb00159.x
pdRkoO11xxFGVWJeL62,pub1_doi,10.1016/j.yqres.2014.01.012
pdRXf2sxCgEn0CczUtv,pub1_doi,Roy et al. (2003)
pdRiNPVIQECAx9xVLKu,pub1_doi,10.1016/j.quascirev.2017.08.012
pdRsQ687U7RBI0qSdyE,pub1_doi,10.1016/j.quascirev.2017.08.012
pdRPXtR2BTqSS5KCkTm,pub1_doi,10.1016/j.yqres.2015.07.004
pdRfvT1wuHIGXRlmUju,pub1_doi,10.2113/gsrocky.49.1.33
pdRopkg65IV11NRNtq6,pub1_doi,10.1016/j.yqres.2015.07.004
pdRUteHT9P1yzhdRamQ,pub1_doi,Thompson et al. (1990; 1992)
pdRNyQeqaj6PkSQYY4b,pub1_doi,10.1016/0033-5894(89)90027-6
OLS_R4y0PIxteRT,pub2_doi,10.2172/5609291
OLS_RajLAejX7H1,pub2_doi,10.2172/5609291
OLS_RmpO87FXnN9,pub2_doi,10.2172/5609291
OLS_RcDGJfqpBeC,pub2_doi,10.2172/5609291
OLS_R4idEFGElHM,pub2_doi,10.2172/5609291
OLS_Rnp35KKbNIN,pub2_doi,10.2172/5609291
OLS_R91mklW7AkS,pub2_doi,10.2172/5609291
OLS_RnNx75wT6Qd,pub2_doi,10.2172/5609291
OLS_RXfu7xAGzWB,pub2_doi,10.2172/5609291
OLS_RgJGZeaw0md,pub2_doi,10.2172/5609291
OLS_RnZixdO7vMV,pub2_doi,10.2172/5609291
OLS_R9bib9fXM0c,pub2_doi,10.2172/5609291
OLS_RhSooYiv8NM,pub2_doi,10.2172/5609291
OLS_Raj0ajWk8Z1,pub2_doi,10.2172/5609291
OLS_Rtetfy6NJzz,pub2_doi,10.2172/5609291
OLS_RSzZCo2C7Xj,pub2_doi,10.2172/5609291
OLS_RphnQDokp38,pub2_doi,10.2172/5609291
OLS_RKoQn911SXJ,pub2_doi,10.2172/5609291
OLS_RTxbwsdvMwm,pub2_doi,10.2172/5609291
OLS_RSllKp5JECx,pub2_doi,10.2172/5609291
OLS_RpZvDDmAq2c,pub2_doi,10.2172/5609291
OLS_RvAYM4Zh3Pk,pub2_doi,10.2172/5609291
OLS_Rwm0onKGDHv,pub2_doi,10.2172/5609291
OLS_Ro4FH6vkuLB,pub2_doi,10.2172/5609291
OLS_RzRHx3ZG7y7,pub2_doi,10.2172/5609291
OLS_Rt3bq8OIkfc,pub2_doi,10.2172/5609291
OLS_Rz4NEhuh5D0,pub2_doi,10.2172/5609291
OLS_RFZ5ftnO2t2,pub2_doi,10.2172/5609291
OLS_Rl1U1UXxAIf,pub2_doi,10.2172/5609291
OLS_RTsihKwmPMu,pub2_doi,10.2172/5609291
OLS_RwLxfQP11eP,pub2_doi,10.2172/5609291
OLS_Rrtm3chd7C5,pub2_doi,10.2172/5609291
OLS_ROkPLG6ezuC,pub2_doi,10.2172/5609291
OLS_RifcIdFjsr2,pub2_doi,10.2172/5609291
OLS_RSQIFjVgiso,pub2_doi,10.2172/5609291
OLS_RXjJiwKiDO4,pub2_doi,10.2172/5609291
OLS_ROVfSZGskJH,pub2_doi,10.2172/5609291
OLS_RIAO1405W9b,pub2_doi,10.2172/5609291
OLS_RuVLAvVu5OP,pub2_doi,10.2172/5609291
OLS_RzqaAnmlHbH,pub2_doi,10.2172/5609291
OLS_Roe2Ri2GOD9,pub2_doi,10.2172/5609291
OLS_RXKCFWVRanL,pub2_doi,10.2172/5609291
OLS_Rh1QgEylyEm,pub2_doi,10.2172/5609291
OLS_RtESqFQmPOU,pub2_doi,10.2172/5609291
OLS_RKvXdow2D0X,pub2_doi,10.2172/5609291
OLS_RzEmio4JrEJ,pub2_doi,10.2172/5609291
OLS_RRO1Ic9Qv3B,pub2_doi,10.2172/5609291
OLS_R4y0PIxteRT,pub1_doi,"Batchelder, G.H., 1978, Personal communication."
OLS_RajLAejX7H1,pub1_doi,"Chamard, Ph.C., 1973. Monographie d'une sebkha continentale du sud-ouest saharien : la sebkha de Chemchane (Adrar deMauritanie). Bulletin de l'Institut francaisd'Afrique noire, Senegal 35A : 207-243."
OLS_RmpO87FXnN9,pub1_doi,"Faure, H., E. Manguin and R. Nydal, 1963.Formations lacustres du Quaternaire superieur duNiger oriental : diatomites et ages absolus.Bulletin du Bureau de Recherches geologiques etminieres, Paris 3 : 41-63."
OLS_RcDGJfqpBeC,pub1_doi,"Fontes, J-C., C. Moussie, P. Pouchan and M. Weidmann, 1973.  Phases humides au Pleistocene superieur et al'Holocene dans le sud de l'Afar (T.F.A.I.).Comptes rendus hebdomadaires de l'Academie desSciences, Paris 277 : 1973-1976."
OLS_R4idEFGElHM,pub1_doi,"Gonzalez, M.A., 1981. Evidencias paleoclimaticas en la Salina delBebedero (San Luis). VIII Congreso GeologicoArgentino, Actas 3 : 411-438."
OLS_Rnp35KKbNIN,pub1_doi,"Hjelmroos-Ericsson, M., 1982.""Holocene Development of Lake Wielke Gacno Area,Northwestern Poland."" Ph.D. thesis, University of Lund, 101pp."
OLS_R91mklW7AkS,pub1_doi,"Melief, A.B.M., 1985. ""Late Quaternary paleoecology of the ParqueNacional Natural los Nevados (Cordillera Central), and Sumapaz (Cordillera Oriental) areas,Colombia."" In: The Quaternary of Colombia, volume 12, (T. van der Hammen, Ed.), 162pp."
OLS_RnNx75wT6Qd,pub1_doi,"Qi, H., B. Cai and J. Yu, 1981.The C-14 age and cycle of sedimentation of somesaline lakes in the Qinghai-Xizang Plateau. Kexue Tongbao 26 : 66-70."
OLS_RXfu7xAGzWB,pub1_doi,"Dury, G.H., 1973.  Paleohydrologic implications of some pluvial lakes in northwestern New South Wales, Australia.Bulletin of the Geological Society of America 84 : 3663-3676."
OLS_RgJGZeaw0md,pub1_doi,"Gasse, F., 1987.  Diatoms for reconstructing palaeoenvironments and palaeohydrology in tropical semi-arid zones:Example of some lakes from Niger since 12000 B.P. Hydrobiologia 154 : 127-163."
OLS_RnZixdO7vMV,pub1_doi,"Harrison, S.P., 1980. ""The Geomorphic History of Breadalbane Basin, New South Wales."" M.Sc. thesis, Macquarie University, N.S.W., 292pp."
OLS_R9bib9fXM0c,pub1_doi,"Dodson, J.R., 1979. Late Pleistocene vegetation and environments near Lake Bullenmerri, western Victoria. AustralianJournal of Ecology 4 :419-427."
OLS_RhSooYiv8NM,pub1_doi,"Delcourt, H.R., P.A. Delcourt and E.C. Spiker, 1983.  A 12,000 year record of forest history from Cahaba Pond, St. Clair County, Alabama. Ecology 64 : 874-  887."
OLS_Raj0ajWk8Z1,pub1_doi,"Servant, M. and S. Servant-Vildary, 1980.L'environnement quaternaire du bassin du Tchad. In : ""The Sahara and the Nile."" (M.A.J.Williams andH. Faure, Eds.), pp.133-162. Balkema, Rotterdam,607pp."
OLS_Rtetfy6NJzz,pub1_doi,"Schreiber, J.F., Jr., G.L. Pine, B.W. Pipkin, R.C.Robinson and J.C. Wilt, 1972.Sedimentologic studies in the Willcox Playa area, Cochise County, Arizona. In : ""Playa LakesSymposium."" (C.C. Reeves Jr., Ed.), pp.133-184. International Center for Arid and Semi-arid LandStudies (ICASALS) Publication 4. Lubbock, Texas."
OLS_RSzZCo2C7Xj,pub1_doi,"Winkler, M.G., 1985a.A 12,000-year history of vegetation and climate for Cape Cod, Massachusetts. Quaternary Research 23 : 301-312."
OLS_RphnQDokp38,pub1_doi,"Bottcher, U., P-J. Ergenzinger, S.H. Jaeckel and K.Kaiser, 1972. Quartare Seebildungen und ihre Mollusken Inhalteim Tibesti-Gebirge. Zeitschrift fur Geomorphologie 16 : 182-234."
OLS_RKoQn911SXJ,pub1_doi,"Delibrias, G., M.T. Guillier and J. Labeyrie, 1966.  Gif natural radiocarbon measurements II.Radiocarbon 8 : 92."
OLS_RTxbwsdvMwm,pub1_doi,"Callen, R.A., 1976.Tentative correlation of onshore and lacustrinestratigraphy, Lake Frome area. Bureau of Mines and Resources Journal of Australian Geology and Geophysics 1 : 248-250."
OLS_RSllKp5JECx,pub1_doi,"Barton, C.E. and H.A. Polach, 1980.14C ages and magnetic stratigraphy in threeAustralian maars. Radiocarbon 22 : 728-739."
OLS_RpZvDDmAq2c,pub1_doi,"Winkler, M.G., 1985c. ""Late-Glacial and Holocene Environmental History of South-Central Wisconsin : A Study of Upland and Wetland Ecosystems."" Ph.D. thesis, University of Wisconsin-Madison, Madison, 261pp."
OLS_RvAYM4Zh3Pk,pub1_doi,"Hickman, M. and D.M. Klarer, 1981.Paleolimnology of Lake Isle, Alberta, Canada.Archiv fur Hydrobiologie 91 : 490-508."
OLS_Rwm0onKGDHv,pub1_doi,"Bowler, J.M. and T. Hamada, 1971.Late Quaternary stratigraphy and radiocarbonchronology of water level fluctuations in LakeKeilambete, Victoria. Nature 232 : 331-334."
OLS_Ro4FH6vkuLB,pub1_doi,"Collins, G.B., 1968. ""Implications of Diatom Succession in Post-Glacial Sediments from Two Sites in Northern Iowa."" Ph.D. thesis, Iowa State University, Ames, 197pp."
OLS_RzRHx3ZG7y7,pub1_doi,"Dodson, J.R., 1975. Vegetation history and water fluctuations at Lake Leake, south-eastern South Australia II.Australian Journal of Botany 23 : 815-831."
OLS_Rt3bq8OIkfc,pub1_doi,"Crane, H.R. and J.B. Griffin, 1958.University of Michigan radiocarbon dates III.Science 128 : 1117-1123."
OLS_Rz4NEhuh5D0,pub1_doi,"Begin, Z.B., W. Broecker, B. Buchbinder, Y. Druckman, A. Kaufman, M. Magaritz and D. Neev, 1985.Dead Sea and Lake Lisan levels in the last 30,000 years. Report of the Geological Survey of Israel29/85 : 1-17."
OLS_RFZ5ftnO2t2,pub1_doi,"Kershaw, A.P., 1976. A Late Pleistocene and Holocene pollen diagramfrom Lynch's Crater, northeastern Queensland, Australia. New Phytologist 77 : 469-498."
OLS_Rl1U1UXxAIf,pub1_doi,"Butzer, K.W., G.L. Isaac, J.L. Richardson and C.Washbourn-Kamau, 1972. Radiocarbon dating of east African lake levels.Science 175 : 1069-1076."
OLS_RTsihKwmPMu,pub1_doi,"Bradbury, J.P., 1971. Paleolimnology of Lake Texcoco, Mexico. Evidencefrom diatoms. Limnology and Oceanography 16 : 180- 200."
OLS_RwLxfQP11eP,pub1_doi,"Schweger, C., T. Habgood and M. Hickman, 1983.Late Glacial-Holocene climatic changes of Alberta : the record from lake sediment studies. In : ""The Impacts of Climatic Fluctuations on Alberta'sResources and Environment."", pp 47-60. Atmospheric Environment Service, Environment Canada, WesternRegion, Edmonton, Report WAES-1-81."
OLS_Rrtm3chd7C5,pub1_doi,"Wendorf, F. and R. Schild, 1980.""Prehistory of the Eastern Sahara."" AcademicPress, New York, 404pp."
OLS_ROkPLG6ezuC,pub1_doi,"Watts, W.A. and J.P. Bradbury, 1982.Paleoecological studies at Lake Patzcuaro on theWest-Central Mexican Plateau and at Chalco in the Basin of Mexico. Quaternary Research 17 : 56-70."
OLS_RifcIdFjsr2,pub1_doi,"Haworth, E.Y., 1972. Diatom succession in a core from Pickerel Lake,northeastern South Dakota. Geological Society ofAmerica Bulletin 83 : 157-172."
OLS_RSQIFjVgiso,pub1_doi,"Deevey, E.S., 1978. Holocene forests and Maya disturbance near Quexil Lake, Peten, Guatemala. Polskie ArchiwumHydrobiologii 25 : 117-129."
OLS_RXjJiwKiDO4,pub1_doi,"Thompson, R.S., 1984. Late Pleistocene and Holocene environments in the Great Basin. Doctoral dissertation. University of Arizona, Tucson, Arizona, USA."
OLS_ROVfSZGskJH,pub1_doi,"Heusser, C.J., 1983. Quaternary pollen record from Laguna de TaguaTagua, Chile. Science 219 : 1429-1432."
OLS_RIAO1405W9b,pub1_doi,"Bowler, J.M. and J.T. Teller, 1986. Quaternary evaporites and hydrological changes,Lake Tyrrell, north-west Victoria. AustralianJournal of Earth Sciences 33 : 43-63."
OLS_RuVLAvVu5OP,pub1_doi,"Bradbury, J.P., 1986b. Late Pleistocene and Holocene paleolimnology oftwo mountain lakes in western Tasmania. Palaios 1 : 381-388."
OLS_RzqaAnmlHbH,pub1_doi,"Bradbury, J.P., 1987. Late Holocene diatom paleolimnology of WalkerLake, Nevada. Archiv fur HydrobiologieSupplementband 79 : 1-27."
OLS_Roe2Ri2GOD9,pub1_doi,"Garrett-Jones, S., 1979. ""Holocene Vegetation and Lake Sedimentation in the Markham Valley, PNG."" Ph.D. thesis, AustralianNational University, Canberra."
OLS_RXKCFWVRanL,pub1_doi,"Winkler, M.G., 1985c. ""Late-Glacial and Holocene Environmental History of South-Central Wisconsin : A Study of Upland and Wetland Ecosystems."" Ph.D. thesis, University of Wisconsin-Madison, Madison, 261pp."
OLS_Rh1QgEylyEm,pub1_doi,"Fries, M., 1962.  Pollen profiles of Late Pleistocene and recentsediments at Weber Lake, northeastern Minnesota.Ecology 43 : 295-308."
OLS_RtESqFQmPOU,pub1_doi,"MacDonald, G.M., 1982. Late Quaternary palaeoenvironments of the MorleyFlats and Kananaskis Valley of southwest Alberta. Canadian Journal of Earth Sciences 19 : 23-35."
OLS_RKvXdow2D0X,pub1_doi,"Lamb, H., 1980.  Late Quaternary vegetational history of south-  eastern Labrador. Arctic and Alpine Research 12 : 117-135."
OLS_RzEmio4JrEJ,pub1_doi,"Manny, B.A., R.G. Wetzel and R.E. Bailey, 1978.Paleolimnological sedimentation of organic carbon, nitrogen, phosphorus, fossil pigments, pollen, and diatoms in a hypereutrophic hardwater lake : Acase history of eutrophication. Polskie ArchiwumHydrobiologii 25 : 243-267."
OLS_RRO1Ic9Qv3B,pub1_doi,"Street, F.A., 1980. Chronology of late Pleistocene and Holocene lake-  level fluctuations, Ziway-Shala Basin, Ethiopia.In: ""Proceedings of the 8th Panafrican Congressof Prehistory and Quaternary Studies,Nairobi, 5to 10 September, 1977."" (R.E. Leakey and B.A.Ogot, Eds.), pp 143-146. The International LouisLeakey Institute for African Prehistory, Nairobi."
Aus_247,pub1_doi,10.1177/0959683612471983
Aus_248,pub1_doi,10.1177/0959683612471983
Aus_257,pub1_doi,10.1177/0959683612471983
Aus_260,pub1_doi,10.1177/0959683612471983
lcRUFhLpJJEIgFJy1fm,pub1_doi,10.1657/1523-0430(2004)036[0139:LGAHGA]2.0.CO;2
lcRUbe6c1j2j2brmI3y,pub1_doi,10.1890/0012-9658(2006)87[1722:wccosf]2.0.co;2
S2LR5E5HYoppj9,pub1_doi,"Verheyden, Sophie & Keppens, Eddy & Quinif, Yves & Cheng, Hai & Edwards, Laurence. (2014). Late-glacial and Holocene climate reconstruction as inferred from a stalagmite - Grotte du Pere Noel, Han-sur-Lesse, Belgium. Geologica Belgica. 17. 83-89. "
S2LR6dZP0RBWKz,pub1_doi,"Verheyden, Sophie & Keppens, Eddy & Quinif, Yves & Cheng, Hai & Edwards, Laurence. (2014). Late-glacial and Holocene climate reconstruction as inferred from a stalagmite - Grotte du Pere Noel, Han-sur-Lesse, Belgium. Geologica Belgica. 17. 83-89. "
lcRPMFnjpsyrThm2wUI,pub1_doi,10.1016/j.quascirev.2007.02.009
lcR4HXbcw98F8bYyA5X,pub1_doi,"Anderson, P.M. and Lozhkin, A.V., 2002. Late Quaternary Vegetation and Climate of Siberia and the Russian Far East (Palynological and Radiocarbon Database). North East Science Center, Far East Branch, Russian Academy of Sciences, Magadan, Russia."
OLS_RjwvXKkI618,pub1_doi,10.1126/science.175.4026.1069
OLS_RDo2ZhhzvEJ,pub1_doi,10.1126/science.175.4026.1069
lcRLulYb48KtEkGIREq,pub1_doi,"Blyakharchuk, T.A., 1989. Istorija rastitel'nosti yugovostoka Zapadnoi Sibiri v golotsene po dannym botanicheskogo i sporovo-pyl'tsevogo analiza torfa [The Holocene history of vegetation of south-eastern West Siberia by botanical and pollen analyses of peat deposits]. Doctoral dissertation. Tomsk State University, Tomsk, Russia."
lcRiJpSfk6qHogZUTSv,pub1_doi,"van der Knaap, W.O. and Ammann, B., 1997. Depth-age relationships of 25 well-dated Swiss Holocene pollen sequences archived in the Alpine Palynological Data-Base. Revue de Paleobiologie, 16(2), pp.433-480."
lcRouwX4QfecNxAemPx,pub1_doi,"van der Knaap, W.O. and Ammann, B., 1997. Depth-age relationships of 25 well-dated Swiss Holocene pollen sequences archived in the Alpine Palynological Data-Base. Revue de Paleobiologie, 16(2), pp.433-480."
lcRoCXWDdV0uxUvztLb,pub1_doi,"van der Knaap, W.O. and Ammann, B., 1997. Depth-age relationships of 25 well-dated Swiss Holocene pollen sequences archived in the Alpine Palynological Data-Base. Revue de Paleobiologie, 16(2), pp.433-480."
lcRR7x41VDYDCPUJV8T,pub1_doi,"van der Knaap, W.O. and Ammann, B., 1997. Depth-age relationships of 25 well-dated Swiss Holocene pollen sequences archived in the Alpine Palynological Data-Base. Revue de Paleobiologie, 16(2), pp.433-480."
lcRgDGHB8seTJysUnfr,pub1_doi,"van der Knaap, W.O. and Ammann, B., 1997. Depth-age relationships of 25 well-dated Swiss Holocene pollen sequences archived in the Alpine Palynological Data-Base. Revue de Paleobiologie, 16(2), pp.433-480."
lcRbxTYXmaIHDE2ZQHZ,pub1_doi,"Richard, P.J.H. 1981. Paleophytogeographie postglaciaire en Ungava par l'analyse pollinique. Collection Paleo-Quebec, 13, p.154 (in French)."
lcRyf5ECfdUuscy1RT4,pub1_doi,10.1080/00173130902965843
WEB742b158d,originalDataUrl,https://doi.org/10.6084/m9.figshare.12863843.v1
WEB7ec5f35f,originalDataUrl,https://doi.org/10.6084/m9.figshare.12863843.v1
WEB69d58fa4,originalDataUrl,https://doi.org/10.6084/m9.figshare.12863843.v1
WEBa6153aaf,originalDataUrl,https://doi.org/10.25921/pp0e-dh50
WEBf46bc2c2,originalDataUrl,https://doi.org/10.25921/n1m1-ar92
WEB1f2d5fc5,originalDataUrl,https://doi.org/10.25921/htwe-rx77
GH31325f74,originalDataUrl,https://doi.org/10.25921/6bc3-sd84
LPDe806555f,originalDataUrl,https://doi.org/10.25921/mds3-9f36
WEBc8473abd,originalDataUrl,https://doi.org/10.25921/mb4w-x094
WEBaa6ac386,originalDataUrl,https://doi.org/10.15784/600377
GH66374774,originalDataUrl,https://doi.org/10.25921/5swp-7p89
WEBd3eaa693,originalDataUrl,https://doi.org/10.25921/1y2k-2k31
WEB31e807ae,originalDataUrl,https://doi.org/10.25921/3vcw-7793
WEBc734a518,originalDataUrl,https://doi.org/10.25921/3vcw-7793
WEB10ea8a20,originalDataUrl,https://doi.org/10.25921/3vcw-7793
WEB30fe1262,originalDataUrl,https://doi.org/10.25921/3vcw-7793
WEB3b8af65c,originalDataUrl,https://doi.org/10.25921/3vcw-7793
WEB4581c605,originalDataUrl,https://doi.org/10.25921/3vcw-7793
WEB5a8bf9f7,originalDataUrl,https://doi.org/10.15784/601396
WEB75eec6a6,originalDataUrl,https://doi.org/10.25921/zkr6-p676
GHff49b8d3,originalDataUrl,https://doi.org/10.25921/ppfv-eb34
LPDe0293a7c,originalDataUrl,https://doi.org/10.25921/ppfv-eb34
LPD41437034,originalDataUrl,https://doi.org/10.7910/DVN/P3MCFX
LPD912708fe,originalDataUrl,https://doi.org/10.7910/DVN/P3MCFX
WEB1e5f0379,originalDataUrl,https://doi.org/10.1029/2011GL050722
WEB-fc8d9-7b8f-44c7-b4cb-5a4a1,originalDataUrl,https://doi.org/10.5194/cp-15-463-2019
PYTCPIAO06Y,originalDataUrl,https://doi.org/10.25921/pak9-az20
PYTI39I3N0G,originalDataUrl,https://doi.org/10.25921/pak9-az20
PYTZYIC0QP8,originalDataUrl,https://doi.org/10.25921/pak9-az20
PYTNDP0RV0M,originalDataUrl,https://doi.org/10.25921/pak9-az20
PYTISXSSSBC,originalDataUrl,https://doi.org/10.25921/pak9-az20
GH340eae2e,originalDataUrl,https://doi.org/10.25921/pak9-az20
PYTU06V9X6E,originalDataUrl,https://doi.org/10.25921/pak9-az20
WEBf55e2a4d,originalDataUrl,https://doi.org/10.25921/pak9-az20
WEB09437cc2,originalDataUrl,https://doi.org/10.25921/pak9-az20
GH2b67b601,originalDataUrl,https://doi.org/10.25921/pak9-az20
GHf3b09a00,originalDataUrl,https://doi.org/10.25921/pak9-az20
PYT4D9VTHOK,originalDataUrl,https://doi.org/10.25921/pak9-az20
LPDce500deb,originalDataUrl,https://doi.org/10.25921/pak9-az20
PYTCYF0YQTU,originalDataUrl,https://doi.org/10.25921/pak9-az20
LPDfc71e6bc,originalDataUrl,https://doi.org/10.25921/pak9-az20
LPD4777044b,originalDataUrl,https://doi.org/10.25921/pak9-az20
GH5fffab58,originalDataUrl,https://doi.org/10.25921/pak9-az20
LPDdf6e03fa,originalDataUrl,https://doi.org/10.25921/pak9-az20
PYTJINRZ45D,originalDataUrl,https://doi.org/10.25921/pak9-az20
LPD5627de74,originalDataUrl,https://doi.org/10.25921/27zc-fs42
WEB4ef1e8b8,originalDataUrl,https://doi.org/10.25921/27zc-fs42
GH95c4057f,originalDataUrl,https://doi.org/10.25921/cnwy-fa18
NAm2kHydro208,originalDataUrl,https://doi.org/10.25921/zef1-4781
NAm2kHydro215,originalDataUrl,https://doi.org/10.25921/zef1-4781
GH8d2bed43,originalDataUrl,https://doi.org/10.25921/zef1-4781
WEB-25055-627a-46a8-868d-f4a69,originalDataUrl,http://paleodata.ieecas.cn/FrmDataInfo_EN.aspx?id=d8871206-86a6-4ed6-96b4-73512eb4716c
LPD8e619296,originalDataUrl,https://doi.org/10.25921/cads-9725
pdRrmkVD3TsBOeoXn7g,originalDataUrl,https://doi.org/10.25921/edyr-8404
pdRMMxRg4ypwnub7vhk,originalDataUrl,https://doi.org/10.25921/edyr-8404
pdR3iBvTlj5zwy8bjTI,originalDataUrl,https://doi.org/10.25921/edyr-8404
pdRQCNa1fNSbgmaYC9D,originalDataUrl,https://doi.org/10.25921/edyr-8404
pdRkllG1u6H84pPNEn8,originalDataUrl,https://doi.org/10.25921/edyr-8404
pdRiNPVIQECAx9xVLKu,originalDataUrl,https://doi.org/10.25921/edyr-8404
pdRH7DEiyfovpTWk9ZN,originalDataUrl,https://doi.org/10.25921/edyr-8404
pdRfvT1wuHIGXRlmUju,originalDataUrl,https://doi.org/10.25921/edyr-8404
pdR7ZhOvHhlSIltqdXY,originalDataUrl,https://doi.org/10.25921/edyr-8404
pdRQF0zAqzO4AmBeGOQ,originalDataUrl,https://doi.org/10.25921/edyr-8404
pdRACANKQ7mf1qmSdRS,originalDataUrl,https://doi.org/10.25921/edyr-8404
pdRNyQeqaj6PkSQYY4b,originalDataUrl,https://doi.org/10.25921/edyr-8404
pdRQMrcbT7IHqNHz1vg,originalDataUrl,https://doi.org/10.25921/edyr-8404
pdRPXtR2BTqSS5KCkTm,originalDataUrl,https://doi.org/10.25921/edyr-8404
pdRn4uVv5xmEy3QbRZo,originalDataUrl,https://doi.org/10.25921/edyr-8404
pdR6bOS2xjY78ElzAe7,originalDataUrl,https://doi.org/10.25921/edyr-8404
pdR889sQHzAg5FOKA7S,originalDataUrl,https://doi.org/10.25921/edyr-8404
pdRePrUACmQFQiQeVdA,originalDataUrl,https://doi.org/10.25921/edyr-8404
pdRkoO11xxFGVWJeL62,originalDataUrl,https://doi.org/10.25921/edyr-8404
pdRXoXk6qKsU102x2C4,originalDataUrl,https://doi.org/10.25921/edyr-8404
pdRo4qVPibvVmQpFyRt,originalDataUrl,https://doi.org/10.25921/edyr-8404
pdRXf2sxCgEn0CczUtv,originalDataUrl,https://doi.org/10.25921/edyr-8404
pdRAD0OoGMqGUoHfFHZ,originalDataUrl,https://doi.org/10.25921/edyr-8404
pdRsQ687U7RBI0qSdyE,originalDataUrl,https://doi.org/10.25921/edyr-8404
pdRUteHT9P1yzhdRamQ,originalDataUrl,https://doi.org/10.25921/edyr-8404
pdRtkSoE1Q93x2JFV5i,originalDataUrl,https://doi.org/10.25921/edyr-8404
pdR0bHPwOODs54avzaw,originalDataUrl,https://doi.org/10.25921/edyr-8404
pdRwshhqDptCy27nlfs,originalDataUrl,https://doi.org/10.25921/edyr-8404
pdRopkg65IV11NRNtq6,originalDataUrl,https://doi.org/10.25921/edyr-8404
pdRD3QFsrrVxQyEFfVO,originalDataUrl,https://doi.org/10.25921/edyr-8404
pdRfOJh6SjJ3emsFmsY,originalDataUrl,https://doi.org/10.25921/edyr-8404
OLS_R4y0PIxteRT,originalDataUrl,https://doi.org/10.25921/mxae-9596
OLS_R7luETutJOR,originalDataUrl,https://doi.org/10.25921/mxae-9596
OLS_ResQaXkZnvE,originalDataUrl,https://doi.org/10.25921/mxae-9596
OLS_RXfu7xAGzWB,originalDataUrl,https://doi.org/10.25921/mxae-9596
OLS_RcRjSZzb1Kg,originalDataUrl,https://doi.org/10.25921/mxae-9596
OLS_R4idEFGElHM,originalDataUrl,https://doi.org/10.25921/mxae-9596
OLS_RPARZQXyu1l,originalDataUrl,https://doi.org/10.25921/mxae-9596
OLS_RtPtAFW735C,originalDataUrl,https://doi.org/10.25921/mxae-9596
OLS_RgJGZeaw0md,originalDataUrl,https://doi.org/10.25921/mxae-9596
OLS_RnZixdO7vMV,originalDataUrl,https://doi.org/10.25921/mxae-9596
OLS_RwqOkY17CbA,originalDataUrl,https://doi.org/10.25921/mxae-9596
OLS_R9bib9fXM0c,originalDataUrl,https://doi.org/10.25921/mxae-9596
OLS_RhSooYiv8NM,originalDataUrl,https://doi.org/10.25921/mxae-9596
OLS_Rn9jxxYJDzK,originalDataUrl,https://doi.org/10.25921/mxae-9596
OLS_Raj0ajWk8Z1,originalDataUrl,https://doi.org/10.25921/mxae-9596
OLS_RajLAejX7H1,originalDataUrl,https://doi.org/10.25921/mxae-9596
OLS_R1MrJ3KJUqY,originalDataUrl,https://doi.org/10.25921/mxae-9596
OLS_R2IDZP9z5wp,originalDataUrl,https://doi.org/10.25921/mxae-9596
OLS_RI5wvure0uY,originalDataUrl,https://doi.org/10.25921/mxae-9596
OLS_RGC5Y4gspKt,originalDataUrl,https://doi.org/10.25921/mxae-9596
OLS_Rtetfy6NJzz,originalDataUrl,https://doi.org/10.25921/mxae-9596
OLS_RnNx75wT6Qd,originalDataUrl,https://doi.org/10.25921/mxae-9596
OLS_R4YTlXp5Scl,originalDataUrl,https://doi.org/10.25921/mxae-9596
OLS_RcDGJfqpBeC,originalDataUrl,https://doi.org/10.25921/mxae-9596
OLS_RSzZCo2C7Xj,originalDataUrl,https://doi.org/10.25921/mxae-9596
OLS_RmAdBHcBBxv,originalDataUrl,https://doi.org/10.25921/mxae-9596
OLS_R91mklW7AkS,originalDataUrl,https://doi.org/10.25921/mxae-9596
OLS_RGysUHCqwty,originalDataUrl,https://doi.org/10.25921/mxae-9596
OLS_RphnQDokp38,originalDataUrl,https://doi.org/10.25921/mxae-9596
OLS_Rr8es7LpU7s,originalDataUrl,https://doi.org/10.25921/mxae-9596
OLS_RKoQn911SXJ,originalDataUrl,https://doi.org/10.25921/mxae-9596
OLS_RHt0P2iCpt5,originalDataUrl,https://doi.org/10.25921/mxae-9596
OLS_RTxbwsdvMwm,originalDataUrl,https://doi.org/10.25921/mxae-9596
OLS_RfoenkHHXTE,originalDataUrl,https://doi.org/10.25921/mxae-9596
OLS_Ree2SxMXXUS,originalDataUrl,https://doi.org/10.25921/mxae-9596
OLS_RSllKp5JECx,originalDataUrl,https://doi.org/10.25921/mxae-9596
OLS_RpZvDDmAq2c,originalDataUrl,https://doi.org/10.25921/mxae-9596
OLS_RvAYM4Zh3Pk,originalDataUrl,https://doi.org/10.25921/mxae-9596
OLS_Rwm0onKGDHv,originalDataUrl,https://doi.org/10.25921/mxae-9596
OLS_Ro4FH6vkuLB,originalDataUrl,https://doi.org/10.25921/mxae-9596
OLS_Rcoxn5kpPMy,originalDataUrl,https://doi.org/10.25921/mxae-9596
OLS_R4Ijw8OPsjM,originalDataUrl,https://doi.org/10.25921/mxae-9596
OLS_RzRHx3ZG7y7,originalDataUrl,https://doi.org/10.25921/mxae-9596
OLS_Rt3bq8OIkfc,originalDataUrl,https://doi.org/10.25921/mxae-9596
OLS_Rz4NEhuh5D0,originalDataUrl,https://doi.org/10.25921/mxae-9596
OLS_RF4kqHZt5Ej,originalDataUrl,https://doi.org/10.25921/mxae-9596
OLS_RFZ5ftnO2t2,originalDataUrl,https://doi.org/10.25921/mxae-9596
OLS_Rl1U1UXxAIf,originalDataUrl,https://doi.org/10.25921/mxae-9596
OLS_Rrt4iAcWTIK,originalDataUrl,https://doi.org/10.25921/mxae-9596
OLS_Rxv9LmnnQsQ,originalDataUrl,https://doi.org/10.25921/mxae-9596
OLS_RTsihKwmPMu,originalDataUrl,https://doi.org/10.25921/mxae-9596
OLS_RwLxfQP11eP,originalDataUrl,https://doi.org/10.25921/mxae-9596
OLS_Rrtm3chd7C5,originalDataUrl,https://doi.org/10.25921/mxae-9596
OLS_RFUFyYZUb0P,originalDataUrl,https://doi.org/10.25921/mxae-9596
OLS_RjwvXKkI618,originalDataUrl,https://doi.org/10.25921/mxae-9596
OLS_R4a8rMDILX2,originalDataUrl,https://doi.org/10.25921/mxae-9596
OLS_ROkPLG6ezuC,originalDataUrl,https://doi.org/10.25921/mxae-9596
OLS_RifcIdFjsr2,originalDataUrl,https://doi.org/10.25921/mxae-9596
OLS_RSQIFjVgiso,originalDataUrl,https://doi.org/10.25921/mxae-9596
OLS_RXjJiwKiDO4,originalDataUrl,https://doi.org/10.25921/mxae-9596
OLS_R28mFojQksk,originalDataUrl,https://doi.org/10.25921/mxae-9596
OLS_RAcSotekegB,originalDataUrl,https://doi.org/10.25921/mxae-9596
OLS_RfD6MNlONoM,originalDataUrl,https://doi.org/10.25921/mxae-9596
OLS_R1vmDg2WuOy,originalDataUrl,https://doi.org/10.25921/mxae-9596
OLS_ROVfSZGskJH,originalDataUrl,https://doi.org/10.25921/mxae-9596
OLS_RvTeu3ziD24,originalDataUrl,https://doi.org/10.25921/mxae-9596
OLS_RmpO87FXnN9,originalDataUrl,https://doi.org/10.25921/mxae-9596
OLS_RDo2ZhhzvEJ,originalDataUrl,https://doi.org/10.25921/mxae-9596
OLS_RIAO1405W9b,originalDataUrl,https://doi.org/10.25921/mxae-9596
OLS_RnQ2dbxrFsX,originalDataUrl,https://doi.org/10.25921/mxae-9596
OLS_RuVLAvVu5OP,originalDataUrl,https://doi.org/10.25921/mxae-9596
OLS_RzqaAnmlHbH,originalDataUrl,https://doi.org/10.25921/mxae-9596
OLS_Roe2Ri2GOD9,originalDataUrl,https://doi.org/10.25921/mxae-9596
OLS_RXKCFWVRanL,originalDataUrl,https://doi.org/10.25921/mxae-9596
OLS_Rh1QgEylyEm,originalDataUrl,https://doi.org/10.25921/mxae-9596
OLS_RtESqFQmPOU,originalDataUrl,https://doi.org/10.25921/mxae-9596
OLS_R4QPDsP0JVX,originalDataUrl,https://doi.org/10.25921/mxae-9596
OLS_RKvXdow2D0X,originalDataUrl,https://doi.org/10.25921/mxae-9596
OLS_Rnp35KKbNIN,originalDataUrl,https://doi.org/10.25921/mxae-9596
OLS_RzEmio4JrEJ,originalDataUrl,https://doi.org/10.25921/mxae-9596
OLS_R14ZgdIg3vP,originalDataUrl,https://doi.org/10.25921/mxae-9596
OLS_RAPLKNVwmJW,originalDataUrl,https://doi.org/10.25921/mxae-9596
OLS_RRO1Ic9Qv3B,originalDataUrl,https://doi.org/10.25921/mxae-9596
WEB8b32a2e0,originalDataUrl,https://doi.org/10.25921/q8qx-r346
WEB2b6a96dc,originalDataUrl,https://doi.org/10.25921/1ygr-v059
WEB-a7bc6-3c3f-4541-b2f0-c02b6,originalDataUrl,https://doi.org/10.25921/fjkw-jd19
WEB-ef183-b6de-44d7-8b46-61a47,originalDataUrl,https://doi.org/10.25921/36sb-3355
Aus_247,originalDataUrl,https://doi.org/10.25921/47dp-5g98
Aus_248,originalDataUrl,https://doi.org/10.25921/47dp-5g98
Aus_257,originalDataUrl,https://doi.org/10.25921/47dp-5g98
Aus_260,originalDataUrl,https://doi.org/10.25921/47dp-5g98
WEB8d973712,originalDataUrl,https://doi.org/10.25921/cb71-w604
NAm2kHydro030,originalDataUrl,https://doi.org/10.25921/qpgz-ce17
NAm2kHydro030,originalDataUrl,https://doi.org/10.25921/s8sh-1059
WEB8c80a27c,originalDataUrl,https://doi.org/10.25921/s8sh-1059
LPD292174f8xxx,originalDataUrl,https://doi.org/10.25921/rqah-g540
NAm2kHydro096,originalDataUrl,https://doi.org/10.25921/a2wt-wp03
GH16551942,originalDataUrl,https://doi.org/10.25921/bfs6-wd67
GH047d0e2d,originalDataUrl,https://doi.org/10.25921/bfs6-wd67
GHce286279,originalDataUrl,https://doi.org/10.25921/bfs6-wd67
GHc5186b8c,originalDataUrl,https://doi.org/10.25921/bfs6-wd67
LPDe51c2779xxxx,originalDataUrl,https://doi.org/10.25921/dt4n-6e75
WEB2b92ddec,originalDataUrl,https://doi.org/10.25921/nvht-db13
LPD7dc5b9ba,originalDataUrl,https://doi.org/10.25921/6e73-as97
LPD87c74b66,originalDataUrl,https://doi.org/10.25921/6e73-as97
LPDd6c25776,originalDataUrl,https://doi.org/10.25921/6e73-as97
LPD17fc7c77,originalDataUrl,https://doi.org/10.25921/6e73-as97
LPD179d915e,originalDataUrl,https://doi.org/10.25921/6e73-as97
LPDb99b434c,originalDataUrl,https://doi.org/10.25921/6e73-as97
WEBe297c3e8,originalDataUrl,https://doi.org/10.25921/yayt-sr78
WEB488f78ac,originalDataUrl,https://doi.org/10.25921/tqev-zn70
WEB47e28fe1,originalDataUrl,https://doi.org/10.25921/tqev-zn70
WEB53be5f2c,originalDataUrl,https://doi.org/10.25921/tqev-zn70
WEB6b4c459e,originalDataUrl,https://doi.org/10.25921/npr8-ha09
WEBccba2853,originalDataUrl,https://doi.org/10.25921/npr8-ha09
WEBb6841ae1,originalDataUrl,https://doi.org/10.25921/m0bv-sd13
WEB4fba7605,originalDataUrl,https://doi.org/10.25921/m0bv-sd13
WEBa1c23512,originalDataUrl,https://doi.org/10.25921/m0bv-sd13
WEB8ffcaee7,originalDataUrl,https://doi.org/10.25921/m0bv-sd13
WEBc66a4fba,originalDataUrl,https://doi.org/10.25921/n9vd-ff63
WEBa4950857,originalDataUrl,https://doi.org/10.25921/n9vd-ff63
WEBc6552302,originalDataUrl,https://doi.org/10.25921/9886-bg13
GHe9193cd5dp,originalDataUrl,https://doi.org/10.25921/d0g7-3v22
WEBdb3dc48a,originalDataUrl,https://doi.org/10.25921/p9b2-2437
GH2d478757dp,originalDataUrl,https://doi.org/10.25921/gb67-eh22
GH96f3a962,originalDataUrl,https://doi.org/10.25921/hty1-nj90
WEB7baf4af4,originalDataUrl,https://doi.org/10.17632/k2f3p7wyft.1
LPDfdd2a0239,originalDataUrl,https://doi.org/10.25921/s25m-db35
GH28d0af42,originalDataUrl,https://doi.org/10.25921/fk8m-d446
LPDc4757948,originalDataUrl,https://doi.org/10.25921/15k2-j346
WEB8ba52da4,originalDataUrl,https://doi.org/10.17632/7z66cxvscg.1
GH81e53153,originalDataUrl,https://doi.org/10.25921/xmyz-qy32
WEB866a88a0,originalDataUrl,https://doi.org/10.25921/b313-wc58
WEB1e4cc3cd,originalDataUrl,https://doi.org/10.25921/b313-wc58
WEB3a01bea5,originalDataUrl,https://doi.org/10.25921/nfts-ma14
WEB5699be91,originalDataUrl,https://doi.org/10.25921/p7d2-dg59
WEBfdaf6c10,originalDataUrl,https://doi.org/10.25921/p7d2-dg59
WEB-49d07-0b65-4966-88d1-10bad,originalDataUrl,https://doi.org/10.25921/4kjw-3j45
WEBbe8b843b,originalDataUrl,https://doi.org/10.25921/j54w-bz79
WEB11e36a24,originalDataUrl,https://doi.org/10.25921/j54w-bz79
WEBeac28b13,originalDataUrl,https://doi.org/10.25921/j54w-bz79
WEBd1f64e69,originalDataUrl,https://doi.org/10.25921/tv1t-2n11
WEB753b9479,originalDataUrl,https://doi.org/10.25921/aj5p-eb13
GH44c0a9bf,originalDataUrl,https://doi.org/10.25921/2f4e-j231
LS99CUVAc,originalDataUrl,https://doi.org/10.25921/7z2j-zn40
LPD43c710a2,originalDataUrl,https://doi.org/10.25921/k2bc-9q27
WEB820982f9,originalDataUrl,https://doi.org/10.25921/xhq6-xy78
WEBe0e75109,originalDataUrl,https://doi.org/10.25921/gr0m-cj69
WEB-af994-241c-4196-a6fa-3589e,originalDataUrl,https://doi.org/10.25921/fpbz-rf96
NAm2kHydro015,originalDataUrl,https://doi.org/10.25921/9kh5-1f68
GH77108454,originalDataUrl,https://doi.org/10.25921/1yhk-2p56
LPDac11991f,originalDataUrl,https://doi.org/10.25921/6tkp-td25
GH0c323a35,originalDataUrl,https://doi.org/10.25921/4143-d720
WEB88f459b8,originalDataUrl,https://doi.org/10.25921/nqe4-rv55
WEB-85b98-f377-4cb2-a58b-dc9c3,originalDataUrl,https://doi.org/10.25921/1bxp-6727
WEBdb2377bc,originalDataUrl,https://doi.org/10.25921/xt5q-gg02
WEBb3fd19e6,originalDataUrl,https://doi.org/10.25921/hkmx-k527
WEBb3112945,originalDataUrl,https://doi.org/10.25921/h380-ht32
GH277c77ee,originalDataUrl,https://doi.org/10.25921/nkq5-xb19
LPD1d1e6750,originalDataUrl,https://doi.org/10.25921/1wre-v013
LPD1756fdf4,originalDataUrl,https://doi.org/10.25921/1wre-v013
GH2f86466e,originalDataUrl,https://doi.org/10.25921/3v45-q126
WEBfc31e088,originalDataUrl,https://doi.org/10.25921/bcy2-qh52
WEBfb1da3c4,originalDataUrl,https://doi.org/10.17632/sjz3xhkkk8.1
WEB039f5197,originalDataUrl,https://doi.org/10.17632/sjz3xhkkk8.1
WEBeab5d1e0,originalDataUrl,https://doi.org/10.25921/t81y-a746
WEBed535db2,originalDataUrl,https://doi.org/10.21233/SF72-GR73
WEB98bf1888,originalDataUrl,https://doi.org/10.25921/92q9-4583
GH0a936972,originalDataUrl,https://doi.org/10.25921/j1y1-s022
WEB579775e5,originalDataUrl,https://doi.org/10.25921/p4tq-3m10
WEB6e660f3d,originalDataUrl,https://doi.org/10.1016/j.geomorph.2021.107896
WEBa5fcc0ed,originalDataUrl,https://doi.org/10.17632/zkn8rs76hy.1
WEB22a46599,originalDataUrl,https://doi.org/10.17632/zkn8rs76hy.1
WEBbf48ea2b,originalDataUrl,https://doi.org/10.6084/m9.figshare.12480344
WEB-49aac-c148-4e76-809a-362e4,originalDataUrl,https://doi.org/10.1594/PANGAEA.832385
WEB-84c26-cf61-4730-a2fb-5101f,originalDataUrl,https://doi.org/10.1594/PANGAEA.921255
WEB21852084,originalDataUrl,https://doi.org/10.1594/PANGAEA.111890
WEB29098c59,originalDataUrl,https://www.iceandclimate.nbi.ku.dk/data/
WEB-c74a1-de1f-477c-becc-15b90,originalDataUrl,https://figshare.com/s/b4b5431fd9577afd95ef
WEB-8358f-5546-4fa4-9716-b98f3,originalDataUrl,https://doi.org/10.5880/GFZ.4.3.2021.005
WEB33e94f30,originalDataUrl,https://doi.org/10.1594/PANGAEA.880136
WEB66b05f19,originalDataUrl,https://doi.org/10.1594/PANGAEA.880136
WEB4eba1170,originalDataUrl,https://doi.org/10.1594/PANGAEA.871563
LPDd7e6276fxb,originalDataUrl,https://doi.org/10.25921/tva5-m391
LPDd7e6276fxc,originalDataUrl,https://doi.org/10.25921/tva5-m391
LPDd7e6276fcc,originalDataUrl,https://doi.org/10.25921/tva5-m391
NAm2kHydro001,originalDataUrl,https://doi.org/10.25921/kxbh-rb43
WEB6e4417db,originalDataUrl,https://doi.org/10.25921/1gd2-dy20
WEB696efa25,originalDataUrl,https://doi.org/10.25921/1gd2-dy20
WEB801cc768,originalDataUrl,https://doi.org/10.25921/fk1z-zv66
WEBa0656c03,originalDataUrl,https://doi.org/10.25921/fk1z-zv66
WEBc9694a07,originalDataUrl,https://doi.org/10.25921/fk1z-zv66
WEBd1b743fa,originalDataUrl,https://doi.org/10.25921/fk1z-zv66
pdRAD0OoGMqGUoHfFHZ,pub3_doi,10.1029/2019GL086412
pdRD3QFsrrVxQyEFfVO,pub3_doi,10.1029/2019GL086412
pdRfOJh6SjJ3emsFmsY,pub3_doi,10.1029/2019GL086412
pdRMMxRg4ypwnub7vhk,pub3_doi,10.1029/2019GL086412
pdRH7DEiyfovpTWk9ZN,pub1_doi,"Bigelow, N.H., 1997. Late-Quaternary vegetation and climate in Central Alaska. Doctoral dissertation. University of Alaska, Fairbanks, Alaska, USA."
pdRn4uVv5xmEy3QbRZo,pub1_doi,"Ewing, H.A., 2000. Ecosystem development and response to climatic change: a comparative study of forest-lake ecosystems on different substrates. Doctoral dissertation. University of Minnesota, St Paul, Minnesota, USA."
WEB46f71da9,pub1_doi,10.1016/j.quascirev.2015.05.023