"","Dataset","TSid","DOI_1","DOI_2","DOI_3","DOI_4","DOI_5","DOI_6","DOI_7"
"1","Abhe.Mologni.2021","WEB6e660f3d","99","","","","","",""
"2","AchitNuur.Sun.2013","lcRHKtvc1HMQRltXv6E","592","621","","","","",""
"3","Aden.Tierney.2013","LPD8e619296","299","","","","","",""
"4","AdleyLakeParkersPrairie.Digerfeldt.1992","pdRrmkVD3TsBOeoXn7g","230","152","","","","",""
"5","Adobe.Batchelder.1978","OLS_R4y0PIxteRT","44","186","","","","",""
"6","Aegelsee.Lotter.1991","lcRiO79S9Ix3TwY9hPY","388","621","","","","",""
"7","Afrera.Gasse.1975","OLS_R7luETutJOR","133","186","","","","",""
"8","AgerodsMosse.Nilsson.1964","lcRxfTrPDKVUtCFt7rs","467","621","","","","",""
"9","AhungCo.Morrill.2006","WEB8b32a2e0","102","","","","","",""
"10","AKIII.Terwilliger.2013","SL13TEAK01A","626","","","","","",""
"11","AlbanyRiverBog.Glaser.2004","lcRzlW3oGuXnInc3Msu","482","621","","","","",""
"12","AlbercaLake.Wogau.2019","WEB2b6a96dc","355","","","","","",""
"13","Albert.Berke.2014","WEB-a7bc6-3c3f-4541-b2f0-c02b6","431","","","","","",""
"14","Aljojuca.Bhattacharya.2015","WEB4ef1e8b8","619","","","","","",""
"15","Alley.GISP2.2000","WEB-ef183-b6de-44d7-8b46-61a47","532","","","","","",""
"16","AlpLusgaBelalp1.vanderKnaap.1997","lcR2SXIdl9wohfxxdbD","700","621","","","","",""
"17","AlutLake.Anderson.2002","lcRDoKSlINMOkI1PqMf","15","621","","","","",""
"18","Andy.Szeicz.1995","PYTCPIAO06Y","326","235","","","","",""
"19","AngelicaCave.Wong.2021","WEB-7cf3f-ffa5-4f6d-8f4c-250b0","444","","","","","",""
"20","AralSea.Chen.2008","LPD053400dbb","189","","","","","",""
"21","Asal.Gasse.1975","OLS_ResQaXkZnvE","329","186","","","","",""
"22","Attacave.Niggemann.2003","S2LRZeoXM3hqeb","584","","","","","",""
"23","Auroracave.Lorrey.2008","S2LRKmG1npI12F","20","","","","","",""
"24","Aus-WilkinsKeilambeteGnotuk","Aus_247","146","","","","","",""
"25","Aus-WilkinsKeilambeteGnotuk","Aus_248","146","","","","","",""
"26","Aus-WilkinsKeilambeteGnotuk","Aus_257","146","","","","","",""
"27","Aus-WilkinsKeilambeteGnotuk","Aus_260","146","","","","","",""
"28","Avstjonna.Birks.2012","lcR9GEASzqUKcowM16T","55","621","","","","",""
"29","AyoodeVidriales.MoralesMolino.2014","lcRXz9wnygIFdmBJCJe","452","621","","","","",""
"30","BaaharNuurLake.Huang.2009","lcRDlSFQ3FGujgZJ3LN","256","621","","","","",""
"31","Babyloncave.Williams.2005","S2LRwdQvzjr8rq","480","","","","","",""
"32","Baeg-nyongcave.K..2017","S2LRShfLt8O8RR","357","","","","","",""
"33","Baikal.Swann.2018","WEB2b09ab9c","217","21","","","","",""
"34","Bakaly.Beer.2008","lcRKi1dhBq6WuciB6US","45","621","","","","",""
"35","Balukcave.Liu.2019","S2LRqArbF2JHFw","664","","","","","",""
"36","Bancannia.Dury.1973","OLS_RXfu7xAGzWB","168","186","","","","",""
"37","BangongCo.Hou.2017","WEB8d973712","328","443","","","","",""
"38","BattleGroundLake.Barnosky.1983","lcRM5YQeikjGgODpYRD","41","621","","","","",""
"39","BayanchaganLakeBY.Jiang.2006","lcRrnLoUTd7IMmW7hE5","303","621","","","","",""
"40","BayanNuur.Chen.2008","LPDb7ac9881","189","","","","","",""
"41","Beatties.Macphail.1975","OLS_RcRjSZzb1Kg","434","186","","","","",""
"42","BeaverhouseLake.Rivers.1999","lcROtMDEQsOa6CKzEBo","267","621","","","","",""
"43","BeaverLake.Calcote.2003","lcRhapwgU8yMeacBLgK","520","621","","","","",""
"44","BeaverLake.Schmieder.2011PaleoDIVER","pdRMMxRg4ypwnub7vhk","274","293","152","","","",""
"45","Bebedero.Gonzalez.1983","OLS_R4idEFGElHM","224","186","","","","",""
"46","BebrukasLake.Kabailiene.1986","lcRuTlqjPrHd2xH329d","341","621","","","","",""
"47","BednikundLake.Rawat.2021","WEBa5fcc0ed","629","","","","","",""
"48","BednikundLake.Rawat.2021","WEB22a46599","629","","","","","",""
"49","BegbieLake.Brown.2019Legacy","lcRfmVxd7PePxotBtxX","340","621","","","","",""
"50","BellsLake.Szeicz.1995Legacy","lcRCIhUix5QOaVYiSJ3","326","621","","","","",""
"51","BenitalLake.Bhushan.2018","WEB15b6e09f","509","","","","","",""
"52","BensonPond.Oswald.2018","lcRyuLsI0devWnXL9UK","639","621","","","","",""
"53","BerryPond.Oswald.2018","lcRmoUYX9CAfAdUW9Re","167","621","","","","",""
"54","BerryPond.Whitehead.1979","lcRFk9bWYJHqyCtFNx8","167","621","","","","",""
"55","Bibersee.vanderKnaap.2001","lcRux6T4mIrY0kwQeJs","702","621","","","","",""
"56","Big.Cumming.2002","NAm2kHydro030","72","","","","","",""
"57","Bilma.Faure.1966","OLS_RPARZQXyu1l","204","186","","","","",""
"58","BisonLake.Anderson.2011","NAm2kHydro001","372","","","","","",""
"59","BitschNaters.vanderKnaap.1997","lcRoCXWDdV0uxUvztLb","700","621","","","","",""
"60","BivierediGela.Colombaroli.2009","lcRvxK7zhrGHqqmmSr5","125","621","","","","",""
"61","BJ80370GGC.Tierney.2012","WEB8c80a27c","269","","","","","",""
"62","BlackGumSwamp.Foster.1993","lcRLcJzCjoqgEKwHqBs","137","621","","","","",""
"63","BloodPond.Oswald.2018","lcRFOyuRIeyddE3MuQ9","639","621","","","","",""
"64","Bogoria.Young.1979","OLS_RtPtAFW735C","266","186","","","","",""
"65","BoomerangLake.Brown.2006","WEB31e807ae","335","","","","","",""
"66","Bosten.Chen.2008","LPDf7422476","189","","","","","",""
"67","Bosumtwi.Shanahan.2015","LPD292174f8xxx","615","","","","","",""
"68","Botuvercave.Bernal.2016","RaZSnFk83vO","199","","","","","",""
"69","Bougdouma.Gasse.1987","OLS_RgJGZeaw0md","213","186","","","","",""
"70","Breadalbane.Dodson.1986","OLS_RnZixdO7vMV","242","186","","","","",""
"71","BredeBridge.Waller.1993","lcRraSSIL4ehrOMpeyc","642","621","","","","",""
"72","BreitnauNeuhof.Rosch.1989","lcRWWzCPyjezteZo74a","547","621","","","","",""
"73","Bromfield.Kershaw.1975a","OLS_RwqOkY17CbA","4","186","","","","",""
"74","Bruckmisse.Rosch.2009","lcRseG41EyZPFn7vBuL","549","621","","","","",""
"75","Brurskardtjorni.Bjune.2005","lcRLALDzbV8deV0FSpS","56","621","","","","",""
"76","BucadellaRenella.Drysdale.2006","S2LRNh2zmbQt44","551","607","","","","",""
"77","Buckeye.Springer.2008","NAm2kHydro096","228","","","","","",""
"78","BuckLake.author.1111","lcRlOmh5hio8SI6zqLN","noPubOnRecord","621","","","","",""
"79","Bugristoe.Blyakharchuk.1989","lcRQoeD5swxv5zB9KeA","59","621","","","","",""
"80","BukitAssamcave.Carolin.2013","S2LRk70AiD9ZsN","581","561","323","322","","",""
"81","BulgarianBlackSea.FilipovaMarinova.2014","lcRUewusWiI9G28ut2a","193","621","","","","",""
"82","Bullenmerri.Buckley.1972","OLS_R9bib9fXM0c","164","186","","","","",""
"83","Bunkercave.Fohlmeister.2012","WEB8e0a7386","270","439","","","","",""
"84","BuracaGloriosa.Denniston.2017","S2LR419VKmTzO1","526","","","","","",""
"85","BuracaGloriosa.Denniston.2017","S2LRCWCwYqedVC","526","","","","","",""
"86","BurdenLake.Gaudreau.1986","lcRi9rpgU3KNzoGhTeP","214","621","","","","",""
"87","CaddoCreekCore3.Albert.2011","lcRPzK3bolAUBI4YPWm","78","621","","","","",""
"88","Cahaba.Delcourt.1983","OLS_RhSooYiv8NM","158","186","","","","",""
"89","CahabaPond.Delcourt.1983","lcRVRnl9YOspeS2qWJq","244","621","","","","",""
"90","CalcitecaveMtLuxmoreFiordland.Lorrey.2008","S2LRGkmEev8vMC","20","","","","","",""
"91","Camp11Lake.Brubaker.1975","lcRYUf2GzuKWaJw7Cls","382","621","","","","",""
"92","Cangumiao.Xu.2004","lcRJ9bcRX8zajMu6bEY","668","621","","","","",""
"93","CanyonLake.Davis.1991","lcRPBnamW5NHR8VPMKn","410","621","","","","",""
"94","CapeShpindler.Andreev.2001","lcRaeEm3p5q0v5R3dkJ","18","621","","","","",""
"95","CapitolaLake.Calcote.2003","lcRH47ExCxsXc3fhZVO","520","621","","","","",""
"96","CariacoBasin.Haug.2001","LPDe51c2779xxxx","218","","","","","",""
"97","Carp.Barnosky.1985a","OLS_Rn9jxxYJDzK","103","186","","","","",""
"98","Carquefou.Cyprien.2001","lcRI8sX3Od0JpEYzLbI","129","621","","","","",""
"99","CarsonSink.Adams.2009","pdR3iBvTlj5zwy8bjTI","344","152","","","","",""
"100","Castor.Nelson.2011","LPDd7e6276fxb","142","","","","","",""
"101","Castor.Nelson.2011","LPDd7e6276fxc","142","","","","","",""
"102","Castor.Nelson.2011","LPDd7e6276fcc","142","","","","","",""
"103","CESRZ_PWetQ.Chevalier.2017","pRAINCyEKVBKyz8PbI","408","","","","","",""
"104","Chaaracave.AitBrahim.2018","S2LRU6xGJ9gjMj","685","672","","","","",""
"105","Chaaracave.AitBrahim.2018","S2LROeXqCyQIUp","685","672","","","","",""
"106","Chad.Servant.1973","OLS_Raj0ajWk8Z1","571","186","","","","",""
"107","Chadianpo.Zhang.2007","lcRxjdbi8n5mfOcteLV","693","621","","","","",""
"108","ChallaLake.Damst.2012","WEB33e94f30","277","400","","","","",""
"109","ChallaLake.Damst.2012","WEB66b05f19","277","400","","","","",""
"110","Chantemerle.Fauquette.1999","lcRKr2FoiqFt9fd0w2J","191","621","","","","",""
"111","ChaohuLakeCH1.Wu.2008","lcRRQAEsiOSvKg2mTq7","660","621","","","","",""
"112","CharcodaCandieira.VanderKnaap.1984","lcRz2jklJHwfxKMvv1z","627","621","","","","",""
"113","ChemchaneAderg.Chamard.1972","OLS_RajLAejX7H1","105","186","","","","",""
"114","Chenghai.Xu.2020","WEB2b92ddec","240","","","","","",""
"115","ChesapeakeBayMD992209.Willard.2005","lcR8NsSZHAiFlBflvWP","132","621","","","","",""
"116","ChibuzhangCo.Chen.2021","WEBf8f8a180","687","","","","","",""
"117","ChibuzhangCo.Chen.2021","WEBb1b74afc","687","","","","","",""
"118","Chichancanab.Covich.1974","OLS_R1MrJ3KJUqY","6","186","","","","",""
"119","Chichancanab.Hodell.1995","GH16551942","150","","","","","",""
"120","Chichancanab.Hodell.1995","GH047d0e2d","150","","","","","",""
"121","Chichancanab.Hodell.1995","GHce286279","150","","","","","",""
"122","Chichancanab.Hodell.1995","GHc5186b8c","150","","","","","",""
"123","Chiconahuapan.Tropical.1984","OLS_R2IDZP9z5wp","563","186","","","","",""
"124","ChifengQiguoMt.Xu.2002","lcR03YZlwKcvi9NBBso","667","621","","","","",""
"125","ChihuahuenosBog.Anderson.2008","WEB742b158d","515","122","","","","",""
"126","Chuna.Jones.2005","PYTI39I3N0G","456","636","","","","",""
"127","CinqMarslaPile.Carcaud.2002","lcReM30B315r999fKee","98","621","","","","",""
"128","ClearLake.Bailey.1972","lcRm2HAyL9Ow8Vn9ldV","534","621","","","","",""
"129","ClearLake.Baker.1992","lcRKzoswtatgqh9p86e","534","621","","","","",""
"130","ClelandLake.Steinman.2016","LPD7dc5b9ba","84","","","","","",""
"131","ClelandLake.Steinman.2016","LPD87c74b66","84","","","","","",""
"132","Cleveland.Davis.1986","OLS_RI5wvure0uY","477","186","","","","",""
"133","Clovis.Haynes.1966","OLS_RGC5Y4gspKt","491","186","","","","",""
"134","Cochise.Damon.1963","OLS_Rtetfy6NJzz","565","186","","","","",""
"135","ColdesLauzes.deBeaulieu.1977","lcRScfMGWPopcFlEwve","697","621","","","","",""
"136","CompassPond.BlakeJr.1986","lcRRxSlrTN8OVtHnbmp","58","621","","","","",""
"137","CooleyLake.Gavin.2006","lcRUbe6c1j2j2brmI3y","144","621","","","","",""
"138","CoppermineSaddleback.Nichols.1975Legacy","lcRE5QbPJ0FLNw7ktuv","462","621","","","","",""
"139","Corchia.Regattieri.2014","WEB5f442d8b","169","","209","","","",""
"140","Corser.Nichols.2014","PYTZYIC0QP8","318","235","","","","",""
"141","CovadaArcoia.Railsback.2011","S2LRP1bVgbttoT","360","","","","","",""
"142","CraterLake.Heinrichs.2002","lcRQgznauTtY1MfGgdK","413","621","","","","",""
"143","Creightonscave.Williams.2005","S2LR6TzTWmm4cO","480","","","","","",""
"144","CreviceLake.Whitlock.2012","WEBc734a518","104","","","","","",""
"145","Crooked.Engels.2012","NAm2kHydro208","582","","","","","",""
"146","CrowfootLake.Osborn.1995","lcRlsbmXFmyXRKKhM7a","523","621","","","","",""
"147","Csogle.Juhasz.2002","lcRtQQC74Cocv8dlqiq","325","621","","","","",""
"148","CuevadeAsiul.Smith.2016","S2LR9ZYusd9uRM","19","","","","","",""
"149","CuevadeAsiul.Smith.2016","S2LR8y2zPv8frL","19","","","","","",""
"150","CuevadelDiablo.Bernal.2011","S2LRXCjbJRsfv3","321","","","","","",""
"151","CuevadelDiamante.Cheng.2013","S2LRooDZAvI8UL","236","","","","","",""
"152","CuevadelTigrePerdido.vanBreukelen.2008","S2LRmBVO3ZS9RQ","398","","","","","",""
"153","CuevaVictoria.Budsky.2019","S2LR64Q0qhBLAC","9","","","","","",""
"154","DagsMosse.Goransson.1989","lcRBfIzOEaoKY4OpCu0","227","621","","","","",""
"155","DaileyLake.Krause.2015","lcRWXs1OS7FPp0sIlOC","603","621","","","","",""
"156","DaliLake.GoldsmithJiang.2017","WEB40d3e7b3","687","","","","","",""
"157","DallicanWater.Bennett.1992","lcRYN4y5FCQn0BuDu6s","50","621","","","","",""
"158","Dantecave.Sletten.2013","S2LRNNRQiP9T5J","253","470","","","","",""
"159","Dantecave.Sletten.2013","S2LRU08Wwzef9a","253","470","","","","",""
"160","DaQaidam.Qi.1981","OLS_RnNx75wT6Qd","506","186","","","","",""
"161","Darkcave.Jiang.2013","S2LR1X4Pheb1ZE","666","","","","","",""
"162","Darko.Rolecek.2020","lcRPtpeHk3QmKrusMf8","546","621","","","","",""
"163","DavisPond.Newby.2011","pdRQCNa1fNSbgmaYC9D","483","152","","","","",""
"164","Deep.Marsicek.2013","NAm2kHydro215","294","","","","","",""
"165","DeepFalmouthPond.Oswald.2018","lcRlZG93oUnsBEDKSaM","639","621","","","","",""
"166","DeepPondFalmouth.Marsicek.2013","pdRkllG1u6H84pPNEn8","294","152","","","","",""
"167","DeepTauntonPond.Oswald.2018","lcRgG0nqmKpMbG6TnGY","639","621","","","","",""
"168","Delingha.Yang.2021","WEBe297c3e8","36","","","","","",""
"169","Delorme2.Richard.1982","lcRICjQTzvniz5Xlx4q","503","621","","","","",""
"170","Dendi.Jaeschke.2020","WEB-e04d6-7807-41df-9459-dafd8","17","","","","","",""
"171","DeSotocaverns.Aharon.2013","S2LRaRacqzp90y","489","","","","","",""
"172","DevilsBathtub.Clark.1996","lcRDYi20GlO0AonbO2J","286","621","","","","",""
"173","Didwana.Singh.1972","OLS_R4YTlXp5Scl","231","186","","","","",""
"174","Disbeliefcave.Lorrey.2008","S2LRe4xCSSTpUK","20","","","","","",""
"175","DiversLake.Miller.2003","lcRkBG2IjDkwtqKcx6y","442","621","","","","",""
"176","DobiHanle.Fontes.1973","OLS_RcDGJfqpBeC","196","186","","","","",""
"177","Doel.Deforce.2011","lcRf6K3Ujfi8s5aGQ2k","157","621","","","","",""
"178","DolgoeLake.Wolfe.2000","PYTNDP0RV0M","70","235","","","","",""
"179","DolgoeLake.Wolfe.2000","PYTISXSSSBC","70","235","","","","",""
"180","DomeF.Uemura.2018","WEBc6552302","184","516","201","33","471","",""
"181","Domsvatnet.Hyvarinen.1976","lcRnIxD1N0tJmJywI9G","258","621","","","","",""
"182","Donggecave.Yuan.2004","S2LRbPwlTL981A","147","239","238","689","85","",""
"183","Donggecave.Yuan.2004","S2LRRAIihHA4uf","147","239","238","689","85","",""
"184","DonggiCona.Wang.2014","WEBbf48ea2b","188","","","","","",""
"185","Donvold.Nilssen.1983Legacy","lcRnH3jf8tH4ClLnO43","466","621","","","","",""
"186","DosAnascave.Fensterer.2013","S2LR6km5mqhjli","121","120","86","","","",""
"187","DossaccioBormio.vanderKnaap.1997","lcR9AhAppvA2OXgJvAi","700","621","","","","",""
"188","DP30PC.Goudeau.2014","WEB11f584ef","411","","","","","",""
"189","DragonflyLake.Edwards.2015","lcRZoZg8mFwmuOuhnO7","416","621","","","","",""
"190","Duck.Winkler.1982","OLS_RSzZCo2C7Xj","658","186","","","","",""
"191","DuncanLake.Shuman.2016","pdRiNPVIQECAx9xVLKu","80","152","","","","",""
"192","Dune.Finney.2012","GHe9193cd5dp","79","","","","","",""
"193","DuneLake.Bigelow.1997","lcRXeYKFhQZcl9FryEQ","52","621","","","","",""
"194","DuneLake.Bigelow.1997PaleoDIVER","pdRH7DEiyfovpTWk9ZN","52","152","","","","",""
"195","DvurAnsov.Svobodova.1992","lcR1bQbrAuTWjAjkdSV","595","621","","","","",""
"196","Eagle.Bradbury.1986b","OLS_RmAdBHcBBxv","273","186","","","","",""
"197","EggenobBlatten.vanderKnaap.1997","lcRouwX4QfecNxAemPx","700","621","","","","",""
"198","Eilandvlei.Wuendsch.2018","WEB5aca062f","440","","","","","",""
"199","ElCondorcave.Cheng.2013","S2LRLfv6iCnPNE","236","","","","","",""
"200","ElCondorcave.Cheng.2013","S2LRcMafCoSS3V","236","","","","","",""
"201","ElGobernador.Meleif.1985","OLS_R91mklW7AkS","430","186","","","","",""
"202","ElJunco.Colinvaux.1972","OLS_RGysUHCqwty","481","186","","","","",""
"203","ElJunco.Zhang.2014","LS14ZHJU01A","694","","","","","",""
"204","ElMaillomire.MoralesMolino.2013","lcRYHQZme5i2N0fBzz0","451","621","","","","",""
"205","Elsinore.Kirby.2019","WEBc66a4fba","423","","","","","",""
"206","Elsinore.Kirby.2019","WEBa4950857","423","","","","","",""
"207","ElSoplaocave.Rossi.2018","S2LRIixYo5wDj1","100","","","","","",""
"208","Embouchac.Puertas.1997","lcRhScBDOfWzXEnwp1A","504","621","","","","",""
"209","EmeraldLakeLeadville.Shuman.2014","pdRfvT1wuHIGXRlmUju","32","152","","","","",""
"210","EnneriBardague.Bottcher.1972","OLS_RphnQDokp38","61","186","","","","",""
"211","EnosLake.Brown.2006","WEB10ea8a20","335","","","","","",""
"212","EPICADomeC.Stenni.2010","WEBdb3dc48a","34","38","185","","","",""
"213","EtangdyCorMontana.vanderKnaap.1997","lcRR7x41VDYDCPUJV8T","700","621","","","","",""
"214","Euramoo.Kershaw.1970","OLS_Rr8es7LpU7s","3","186","","","","",""
"215","Fachi.Faure.1966","OLS_RKoQn911SXJ","159","186","","","","",""
"216","Felchowsee.Jahns.2000","lcRpbhIeSqLqRxKnBNF","280","621","","","","",""
"217","FelkerLake.Galloway.2011","WEB30fe1262","292","","","","","",""
"218","Fiskebolvatnet.Balascio.2012","GH340eae2e","461","","","","","",""
"219","FlowerValley.Balascio.2013","GH2d478757dp","460","","","","","",""
"220","FortRock.Bedwell.1970","OLS_RHt0P2iCpt5","22","186","","","","",""
"221","FoundLake.McAndrews.1981","lcRSMVjlC246WXbuLnK","428","621","","","","",""
"222","FoyLake.Stone.2008","GH96f3a962","291","","","","","",""
"223","Frechencourt.vanZeist.1980","lcRKKBJ6j334zCND9v4","699","621","","","","",""
"224","Frome.Bowler.1986","OLS_RTxbwsdvMwm","93","186","","","","",""
"225","Fukugaguchicave.Sone.2013","S2LRjzNSFesB0T","618","","","","","",""
"226","Furongcave.T.-Y..2011","S2LR0spuNC2W1u","616","255","","","","",""
"227","GallanechBeg.Davies.1997","lcRQz7vdye6CXMQO3SI","155","621","","","","",""
"228","GC2.Lamy.2010","WEB843e2ae7","415","","","","","",""
"229","Gempabumicave.Krause.2019","S2LRaXy9OgKMGE","117","","","","","",""
"230","GeoB10065-7.Steinke.2014","WEB-49aac-c148-4e76-809a-362e4","587","","","","","",""
"231","GeoB16204-2.Chiessi.2022","WEB-84c26-cf61-4730-a2fb-5101f","90","","","","","",""
"232","GeoB20610-2.Miller.2020","WEB8ffb0dbb","107","","","","","",""
"233","GeoB3910.Jaeschke.2007","WEB8a35bba5","16","","","","","",""
"234","GeoB4905.Weldeab.2005","WEB45411107","598","282","","","","",""
"235","GeoB5804-4.Arz.2003","WEB21852084","250","","","","","",""
"236","GeoB6518.Schefuss.2005","WEB2ba16237","180","310","","","","",""
"237","GeoB7702-3.Castaneda.2016","LPD17ad91b2","263","","","","","",""
"238","GeoB7702-3.Castaneda.2016","LPD277e0621","263","","","","","",""
"239","GeoB7702-3.Castaneda.2016","WEB279cd5b2","263","","","","","",""
"240","GeoB7920-2.Collins.2013","WEB20f89efc","265","538","","","","",""
"241","GeoB8331_4","WEB594c5634","463","","","","","",""
"242","GeoB9307_3.Weldeab.2014","WEBf23684ea","597","179","","","","",""
"243","George.Coventry.1976","OLS_RfoenkHHXTE","276","186","","","","",""
"244","George.Hutchinson.1981","OLS_Ree2SxMXXUS","140","186","","","","",""
"245","GerryLake.Gavin.2009","lcRg0FX7kDsVlxAdcdh","143","621","","","","",""
"246","GIK16163-2.Ma.2021","WEBb00c1138","690","","","","","",""
"247","GIK16166-2.Ma.2021","WEB19b9d003","690","","","","","",""
"248","GladkoyeBog.Anderson.2002","lcRTqdPXHtWaFMq3hMc","15","621","","","","",""
"249","Gnotuk.Barton.1980","OLS_RSllKp5JECx","43","186","","","","",""
"250","GoatLake.Anderson.2017","lcRQ9mDBHfr9XBLQbUd","508","621","","","","",""
"251","Golhisar.Eastwood.2007","WEB488f78ac","646","455","","","","",""
"252","Gomishan.Leroy.2013","lcRfkhpLwl5zDhzsObe","369","621","","","","",""
"253","Gonghai.Ding.2017","WEBbc36fb7b","648","","","","","",""
"254","GooseBayMarsh.Rippke.2010","lcRlao41kuFDZ74153k","449","621","","","","",""
"255","GouldPond.JacobsonJr.1987","lcRpmbA744mctx0iYnT","278","621","","","","",""
"256","GrachenSee.vanderKnaap.1997","lcRQNnJ7W7IKng8MaOe","651","621","","","","",""
"257","GrahamLake.Fuller.1995","lcRCyUpvGwoKyOEvQkq","203","621","","","","",""
"258","GrandeBriere.Visset.1979Legacy","lcRmOmrZ1GmmblFM6W3","635","621","","","","",""
"259","GrantsBog.Lacourse.2019","lcR811cfIlc7gPTWct5","604","621","","","","",""
"260","Grasvatn.Moe.1996","lcRaZI95pzisAqfMKRi","447","621","","","","",""
"261","GraysLake.Beiswenger.1987","lcR89DqINtE3c8u2oBa","48","621","","","","",""
"262","GreyIslands.Evans.2002","lcRquihWeSVoCRQXYyT","182","621","","","","",""
"263","GRIP_accumulation.Vinther.2006","GHd57f7596","31","","","","","",""
"264","GrosserKrebssee.Jahns.1999","lcRCOiuJmrTNYijSm8z","279","621","","","","",""
"265","GrottedePiste.AitBrahim.2018","S2LRUj7txiX4BK","685","672","","","","",""
"266","Gunnarsfjorden.Allen.2007","PYTU06V9X6E","324","235","","","","",""
"267","Gunnarsfjorden.Allen.2007","WEBf55e2a4d","324","235","","","","",""
"268","Gunnarsfjorden.Allen.2007","WEB09437cc2","324","235","","","","",""
"269","GunNuur.Chen.2008","GHa7a4074f","189","","","","","",""
"270","Gunung-budacavesnailshellcave.Partin.2007","S2LRvbxKcEircj","323","302","349","322","301","",""
"271","Gur.Mokhova.2009","lcRGzeoFV49AbtHJxKb","448","621","","","","",""
"272","GytgykaiLake.Anderson.2002","lcRy7IhuBaQ6uF11NxS","15","621","","","","",""
"273","HailLake.Cwynar.1995","lcRzxniarU5TTRDhKkh","371","621","","","","",""
"274","HaircutLake.Edwards.2015","lcRjEweSTJryZAYGb1l","416","621","","","","",""
"275","HalosI.Bottema.1988","lcR9Wrg5WflyKPDn0gq","62","621","","","","",""
"276","HamsLake.Bennett.1987","lcREzhF3Ls6YkH3b9dK","331","621","","","","",""
"277","Harding.Finkenbinder.2014","WEB6b4c459e","424","","","","","",""
"278","Harding.Finkenbinder.2014","WEBccba2853","424","","","","","",""
"279","HealLake.Brown.2006","WEB7ec5f35f","335","","","","","",""
"280","HeartLake.Whitehead.1990","lcRQfIlOAnlXiGk0QCz","655","621","","","","",""
"281","Heifeng.Yang.2019","WEBc755bc5d","670","","","","","",""
"282","Heihai.Ramisch.2016","WEB9c6bb823","25","","","","","",""
"283","HermitLake.Anderson.2018Legacy","lcRXLkyFOBBg5jAZeV9","513","621","","","","",""
"284","Heshang.Zhu.2017","WEB920c3f3a","696","","","","","",""
"285","Heshangcave.C..2008","S2LR984dImqQzT","106","671","","","","",""
"286","HeshangCave.Wang.2018","WEB7baf4af4","96","","","","","",""
"287","Hidden.Tang.1999","WEBe3940424","188","","","","","",""
"288","HiddenLake.Shuman.2009","pdR7ZhOvHhlSIltqdXY","82","152","","","","",""
"289","HighLake.Fuller.1995","lcRS0efHRT1BJR9ikbT","203","621","","","","",""
"290","HodellMiragoane1991","LPDfdd2a0239","149","","","","","",""
"291","Hollywoodcave.Whittaker.2011","S2LR508v90zCF5","610","480","","","","",""
"292","Hongyuan.Yu.2006","GH28d0af42","669","","","","","",""
"293","Hook.Winkler.1985c","OLS_RpZvDDmAq2c","659","186","","","","",""
"294","Hopschensee.vanderKnaap.1997","lcRP11grEDTPmBg8KEk","701","621","","","","",""
"295","Hoqcave.VanRampelbergh.2013","S2LRAwkFTDejje","427","","","","","",""
"296","Hoqcave.VanRampelbergh.2013","S2LRYaQyDMwILZ","427","","","","","",""
"297","Hoqcave.VanRampelbergh.2013","S2LRDg1jlgbIn8","427","","","","","",""
"298","Hoqcave.VanRampelbergh.2013","S2LRpSzKt5ew3h","427","","","","","",""
"299","Hovsgol.Chen.2008","GHae9e3b57","189","8","","","","",""
"300","Huagapocave.Kanner.2013","S2LRBXVhP2hFuP","385","589","","","","",""
"301","HulunLake.Wen.2009","LPDc4757948","519","","","","","",""
"302","HumberPond3.Weninger.1989","lcR3bIWhA552iIKLT1e","271","621","","","","",""
"303","Hureckaslat.Svobodova.2002","lcR1ZBXuVhPXDI89DZT","249","621","","","","",""
"304","Iffigsee.Schworer.2015","lcRNGsv0Rdc2JExg4ck","567","621","","","","",""
"305","igelsjon..2003","GH2b67b601","131","","","","","",""
"306","IrvinLake.Alwin.1982","lcRu5pCMYC2GUPBBzzd","10","621","","","","",""
"307","Isle.Hickman.1981","OLS_RvAYM4Zh3Pk","252","186","","","","",""
"308","Issyk.Chen.2008","GH351bb75d","189","337","","","","",""
"309","IzabalLake.Duarte.2021","WEB8ba52da4","171","","","","","",""
"310","Jaragucave.Novello.2017","S2LRmFyj5UzbmJ","625","622","","","","",""
"311","Jaslo.Harmata.1995","lcRRsJBLTTrGwZpaako","241","621","","","","",""
"312","Jaunay.Joly.2006","lcR7lkJf5CzFuBWMTZH","316","621","","","","",""
"313","JayLake.Ewing.2000","lcRJKbOXTRs7gaPoBqC","183","621","","","","",""
"314","Jeitacave.Cheng.2015","S2LRd51WDgJNht","232","","","","","",""
"315","JinfoCave.Yang.2019","WEB-4c2d3-dbbf-44eb-a641-c92f6","670","","","","","",""
"316","JinfoCave.Yang.2019","WEB-a98b0-e407-481c-8a60-4ca86","670","","","","","",""
"317","JingboLake.Li.2011","lcRS3drKNxjECOBHubn","378","621","","","","",""
"318","Jiuxiancave.Cai.2010","S2LRCb8IVUAAAd","681","","","","","",""
"319","Jones.Shapley.2009","GH81e53153","396","","","","","",""
"320","JonesLake.Teed.2009","lcRCHngCXxJyC7boD1V","525","621","","","","",""
"321","Karacacave.Rowe.2012","S2LRqRNA3Q5i5b","479","","","","","",""
"322","Karakul. Heinecke.2017","WEBc6ac156d","387","51","","","","",""
"323","KaraseLake.Tarasov.1995","lcREJxJv4v4Xe4w8NHU","602","621","","","","",""
"324","KarasyeLake.Tarasov.1994","lcR8mj67gLS492AwE9G","601","621","","","","",""
"325","KatalekhorCave.Andrews.2020","WEB866a88a0","275","","","","","",""
"326","KatalekhorCave.Andrews.2020","WEB1e4cc3cd","275","","","","","",""
"327","KayakskoyeZaimitschye.Anderson.2002","lcRJSh0UMEWySvvTehJ","15","621","","","","",""
"328","Kedarnath.Bhattacharya.2021","WEBe0d4cba7","573","","","","","",""
"329","Keilambete.Bowler.1970","OLS_Rwm0onKGDHv","63","186","","","","",""
"330","KendegelukolLake.Blyakharchuk.2004","lcRKnkmvI3WSopJhUG5","60","621","","","","",""
"331","Kesangcave.Cheng.2016","S2LRPxXg9IPqUc","237","233","680","","","",""
"332","KettleHole.Collins.1968","OLS_Ro4FH6vkuLB","124","186","","","","",""
"333","Kinnshaugen.Birks.2012","lcRuxGlk7M2jIBZRVX9","55","621","","","","",""
"334","Kirchner.Brugam.1980","OLS_Rcoxn5kpPMy","533","186","","","","",""
"335","KirmanLake.MacDonald.2016","LPD41437034","222","","","","","",""
"336","KirmanLake.MacDonald.2016","LPD912708fe","222","","","","","",""
"337","KiteLake.JimenezMoreno.2012","WEB3b8af65c","226","","","","","",""
"338","Kivu.Olsson.1959","OLS_R4Ijw8OPsjM","354","186","","","","",""
"339","KlangCave.Chawchai.2021","WEB0deda0eb","559","","","","","",""
"340","KNI-51.Denniston.2013","S2LRhTtQNZMrVu","529","528","527","517","","",""
"341","KnobHillPond.Oswald.2018","lcR7PMjhhOCIJBCqpWw","639","621","","","","",""
"342","KomaritsaPeatExposure.Anderson.2002","lcR2i3W5G42BwI55d4z","14","621","","","","",""
"343","kortlanda..2008","GHf3b09a00","12","","","","","",""
"344","Kotumsarcave.Kaushal.2018","S2LRzUOF7LRvIn","465","575","","","","",""
"345","KotyrkolPeatBog.Tarasov.1992","lcR24ksEG9b6zeB53ZK","600","621","","","","",""
"346","KoycegizGolu.vanZeist.1975","lcRY9JluMsRhPsnGrPq","698","621","","","","",""
"347","KR02.Peros.2008","PYT4D9VTHOK","418","235","","","","",""
"348","Kuruyange.Bonnefille.2000","WEBb6841ae1","507","","","","","",""
"349","Kuruyange.Bonnefille.2000","WEB4fba7605","507","","","","","",""
"350","Labskydul.Engel.2010","lcRiW7mrxVo28FuA6iC","178","621","","","","",""
"351","LacaLeonard.Labelle.1984","lcRn8pfW2aOkGuGkhHo","119","621","","","","",""
"352","LacaSam.author.1111","lcRxEJjleCcL9BE7yhk","noPubOnRecord","621","","","","",""
"353","LacauxQuenouilles.Savoie.1979","lcRqZ63xorXscRkaQkU","390","621","","","","",""
"354","LacBastien.Bennett.1987","lcRZEIQ110W378d9TOj","331","621","","","","",""
"355","LacCaribou.Jette.1992","lcRdtSl7jfYKWCM0SIH","259","621","","","","",""
"356","LacColin.Mott.1977Legacy","lcR3VLvepAl8jPQ0Jap","511","621","","","","",""
"357","LacdeBretaye.Thole.2016","lcRTAPYumbvCzcHXAOG","608","621","","","","",""
"358","LacdePraver.Nakagawa.1998","lcRUGwWEexWpwOLUlSO","457","621","","","","",""
"359","LacdesGrenouilles.Finsinger.2020","lcRKSi9CEIDrCS6N9y5","195","621","","","","",""
"360","LacdesPluviers.Payette.1993","pdRQF0zAqzO4AmBeGOQ","557","152","","","","",""
"361","LacdesRochesMoutonnees.McAndrews.1977","lcRxypeAN6trKSWT7tq","315","621","","","","",""
"362","LacduLauzon.Argant.2000","lcROpAQxk5Ao0bN7OYy","24","621","","","","",""
"363","LacFaribault.Richard.1981","lcRbxTYXmaIHDE2ZQHZ","531","621","","","","",""
"364","LacHertel.Muller.2003","pdRACANKQ7mf1qmSdRS","570","152","","","","",""
"365","LacPetel.King.1986Legacy","lcR4Qzw6lCy4TeiU8MG","350","621","","","","",""
"366","LacSuperieurdeFully.Finsinger.2007","lcRb4cZaToq9bd0pTUO","194","621","","","","",""
"367","LagoPuertoArturo.Wahl.2014","WEBd1a317bc","153","154","","","","",""
"368","LagoRogaguado_LR400.Brugger.2016","WEB4362aee7","560","7","","","","",""
"369","LagoUmayo.Baker.2009","WEB3a01bea5","487","","","","","",""
"370","LagunaDeAljojuca.Bhattacharya.2015","LPD5627de74","619","","","","","",""
"371","LagunaDeJuanacatlan.Jones.2015","LPD91196716","420","556","","","","",""
"372","LagunaDelMaule.FrugoneAlvarez.2020","WEB-49d07-0b65-4966-88d1-10bad","426","","","","","",""
"373","LagunadeUbaque.Bird.2017","WEB5699be91","75","","","","","",""
"374","LagunadeUbaque.Bird.2017","WEBfdaf6c10","75","","","","","",""
"375","LagunaLaGaiba.Fornace.2016","WEBeab5d1e0","358","","","","","",""
"376","LagunaMandiore.Mayle.2019","WEBed535db2","247","","","","","",""
"377","LagunaPumacocha.Bird.2011","WEB98bf1888","76","","","","","",""
"378","LaiNairSchulsTarasp.Welten.1982","lcRMHuDYr4ooGY4YFQN","650","621","","","","",""
"379","Lake31.Eisner.1995","lcR8K3KbvN8GOh5iSkH","653","621","","","","",""
"380","LakeAspvatnet_precip.Bakke.2005","GH0a936972","320","","","","","",""
"381","LakeBayanchagan.Jiang.2010","lcRclYIyYQ8Kq5SvVWo","304","621","","","","",""
"382","LakeBI2.Gajewski.1992","lcRU9Wv8xbnApq52K5R","333","621","","","","",""
"383","LakeCH2.Garralla.1991","lcRvWx7hzKylZOr6Ue9","211","621","","","","",""
"384","LakeCochise.Waters.1989","pdRNyQeqaj6PkSQYY4b","438","152","","","","",""
"385","LakeEdward.Russell.2005","WEB579775e5","284","","","","","",""
"386","LakeGrinnell.Zhao.2010","lcRTFzF9IdSdplxVIsK","109","621","","","","",""
"387","LakeJake.Miller.2005","lcRq6t1IHrB7zTbN9av","219","621","","","","",""
"388","LakeLB1.Gajewski.1993","lcRJebEqyeZJeTWr9gD","332","621","","","","",""
"389","LakeMalheur.Dugas.1998","pdRQMrcbT7IHqNHz1vg","145","152","","","","",""
"390","LakeMuzi.Humphries.2019","WEBfb1da3c4","399","","","","","",""
"391","LakeMuzi.Humphries.2019","WEB039f5197","399","","","","","",""
"392","LakeoftheWoodsWyoming.Shuman.2010","pdRPXtR2BTqSS5KCkTm","81","152","","","","",""
"393","LakeOPines.Ewing.2000PaleoDIVER","pdRn4uVv5xmEy3QbRZo","183","152","","","","",""
"394","LakeSolso.Odgaard.1988","lcRonkgxC2OuZ5Khx0O","472","621","","","","",""
"395","LakeTahoe.Lindstrom.1990","pdR6bOS2xjY78ElzAe7","368","152","","","","",""
"396","LakeTianchi.Jiang.2019","lcRLUGwe6u9sNwCWBA0","305","621","","","","",""
"397","LakeVan.Chen.2008","GH7fd4a6f1","189","","","","","",""
"398","LakeVarna.FilipovaMarinova.2016","lcR1swPAuEHYu5rmwNE","66","621","","","","",""
"399","LakeVictoriaPilkingtonBay.Stager.2003","WEBd1f64e69","268","","","","","",""
"400","LakeVoulkaria.Jahns.2005","lcR92SM1LEHTVnz3T6Q","281","621","","","","",""
"401","LakeWA01.Ravindra.2009","lcRBEvaydIFwOnSZuma","521","621","","","","",""
"402","LakeWestOkoboji.Van.1979","pdR889sQHzAg5FOKA7S","345","152","","","","",""
"403","Lapagrandecave.Strikis.2011","S2LRdNK2vfJIac","454","464","","","","",""
"404","LarixlaricinaSite5.Penalba.1997","lcRz3iMAf5YXkq554az","393","621","","","","",""
"405","Lavau.Voeltzel.1987","lcRQLFkYUzyqFavzbXI","637","621","","","","",""
"406","Leake.Dodson.1974b","OLS_RzRHx3ZG7y7","165","186","","","","",""
"407","Leconte.Hubbs.1960","OLS_Rt3bq8OIkfc","128","186","","","","",""
"408","LeFourneau.Barbier.2000","lcRO66HhB9HOPSTtGWS","40","621","","","","",""
"409","LeGesvres.Ouguerram.2002","lcRzquIL84dpfJdywy3","474","621","","","","",""
"410","Lehmancaves.Lachniet.2014","S2LRBsC6hoSiak","425","295","173","","","",""
"411","LehmanCaves.Steponaitis.2015","WEB753b9479","173","","","","","",""
"412","LejdaChampfer.Gobet.2005","lcRU88QgoMtobQ78a50","223","621","","","","",""
"413","LeMaraisdelaPergeSouth.Diot.1995","lcRiPXC1QOIC1ugFpbT","162","621","","","","",""
"414","Lembolovskoyelake.Arslanov.2001","lcRuBI86L2fbLUHGeuU","28","621","","","","",""
"415","LiangLuar.Griffiths.2016","S2LRgwWVs7MIO3","435","394","579","436","384","",""
"416","LianhuacaveHunan.Cosford.2008","S2LRig6NPgl5Aq","288","257","","","","",""
"417","LianhuacaveShanxi.Dong.2018","S2LRbRVYOu2hWu","308","","","","","",""
"418","LilleKjelavatn.Birks.2007","lcRyQRzcwKdCEM16Z9h","54","621","","","","",""
"419","LilyLake.Cwynar.1990","lcRPCIzys1FJAv11nWi","370","621","","","","",""
"420","LilyLake.Flakne.2003","lcRjUN7lrKnYMS1DSr3","370","621","","","","",""
"421","LilyLake.Minckley.2007","lcROBIER3oUzr1eINaV","370","621","","","","",""
"422","LimeLake.Steinman.2016","LPDd6c25776","84","","","","","",""
"423","LimeLake.Steinman.2016","LPD17fc7c77","84","","","","","",""
"424","Limnoncave.Peckover.2019","S2LR8AEiambOvz","170","","","","","",""
"425","LisanDeadSea.Vogel.1972","OLS_Rz4NEhuh5D0","47","186","","","","",""
"426","Litlvatnet.Bjune.2009","lcRukEb6BnbJCwvGQcS","57","621","","","","",""
"427","LittleCheyneCourtWallandmarsh.Waller.1999","lcRyc8tsEYpBLQv53H9","644","621","","","","",""
"428","LittleSaltSpring.Clausen.1979","pdRePrUACmQFQiQeVdA","89","152","","","","",""
"429","LittleSwiftLake.Axford.2004","lcRUFhLpJJEIgFJy1fm","684","621","","","","",""
"430","LittleWilleyPond.Oswald.2018","lcRMPkP0JPngepqKt5J","639","621","","","","",""
"431","LittleWindyHillPond.Pribyl.2014","pdRkoO11xxFGVWJeL62","493","152","","","","",""
"432","LochaChroisg.Pennington.1973","lcR1zcvlTpHe7Gu2Ozc","498","621","","","","",""
"433","LochCleat.Birks.1983","lcRJ5gQAZ1C6slQ2wzM","53","621","","","","",""
"434","Logne.Barbier.1997","lcRsKj7HRaEa8Csoe9n","39","621","","","","",""
"435","LoneFoxLake.MacDonald.1984","lcRGoh2qGUcOrSspCnQ","402","621","","","","",""
"436","LongBreach.Fyfe.2003","lcR2gzCRtzbPXSErk7O","512","621","","","","",""
"437","LongLake.Carter.2017","lcRZkWC1fAUMWFcopmS","624","621","","","","",""
"438","LongquanLakeLC2.Liu.1991","lcRCI2bFYEi8iJDZ3pT","386","621","","","","",""
"439","LoonPond.author.1111","lcRtljGbgEMRcxcyRwF","noPubOnRecord","621","","","","",""
"440","LorraineLake.Calcote.2003","lcRi9DLyVIp1ptYxuLt","520","621","","","","",""
"441","LoughMullaghlahan.Fossitt.1994","lcRShwFkjy6CGJ3eBei","197","621","","","","",""
"442","LowderCreekBog.Anderson.1999","WEB506ba549","514","","","","","",""
"443","LowerBearLake.Kirby.2012","GH44c0a9bf","422","","","","","",""
"444","LS06MIBO","LS06MIBO10a","554","","","","","",""
"445","LS07EAGO","LS07EAGO01","646","","","","","",""
"446","LS09MAAS","LS09MAAS","433","","","","","",""
"447","LS09MIKU","LS09MIKU01a","586","","","","","",""
"448","LS10ANBL","LS10ANBL01a","577","","","","","",""
"449","LS10HESA","LS10HESA","405","","","","","",""
"450","LS12GOBA","LS12GOBA01a","88","","","","","",""
"451","LS13LUBA","LS13LUBA01a","675","","","","","",""
"452","LS14YAHA","LS14YAHA02a","141","","","","","",""
"453","LS15OEPO","LS15OEPO01a","395","","","","","",""
"454","LS99CUVA","LS99CUVAc","289","","","","","",""
"455","Lubbock.Green.1962","OLS_RF4kqHZt5Ej","628","186","","","","",""
"456","Luganskoe.Efremov.1995","lcRCHeP7xkq0keh2M2L","172","621","","","","",""
"457","Lugu_ZS10.Zhao.2021","WEB-549aa-b641-401a-8b39-3c413","108","","","","","",""
"458","LukaschinYarPeatExposure.Anderson.2002","lcR6zfg40KfwrtKMP1E","15","621","","","","",""
"459","LynchsCrater.Kershaw.1974","OLS_RFZ5ftnO2t2","348","186","","","","",""
"460","M125-67-4.Bahr.2021","WEB4b390c30","2","","","","","",""
"461","M77_2_059_1.N_rnberg.2015","WEB8c583cb8","163","174","","","","",""
"462","MacalChasm.Akers.2016","S2LR9DSUVgi2FG","499","287","","","","",""
"463","MacalChasm.Akers.2016","S2LRE5ZXEOA0gV","499","287","","","","",""
"464","MagadiNatron.Butzer.1972","OLS_Rl1U1UXxAIf","83","186","","","","",""
"465","MakepeaceCedarSwamp.Newby.2000PaleoDIVER","pdRXoXk6qKsU102x2C4","484","152","","","","",""
"466","MallardPond.Teed.2009","lcRtxJO058HFi2LTtPf","525","621","","","","",""
"467","MansellPond.AlmquistJacobson.1995","lcRsGKE1HtShd5fiLfc","245","621","","","","",""
"468","Manyara.Holdship.1976","OLS_Rrt4iAcWTIK","285","186","","","","",""
"469","MaraisdeKeswick.Dinel.1986","lcR05uuYvKoZnUNKOyb","234","621","","","","",""
"470","MaraisdeLisle.Ouguerram.2002","lcRws8UtuiI7583vk4v","474","621","","","","",""
"471","Marcella.Anderson.2007","LPD43c710a2","376","","","","","",""
"472","MarcellaLake.Anderson.2005","pdRo4qVPibvVmQpFyRt","375","152","","","","",""
"473","MarcellaLake.Edwards.2015","lcRTMSt7gELRNTyCnb3","416","621","","","","",""
"474","Masatjornet.Birks.2012","lcR8fc8B2pDMdMUjVUf","55","621","","","","",""
"475","Mawmluhcave.Berkelhammer.2013","S2LRjdxDZIRfvJ","392","569","578","200","115","216","101"
"476","Mawmluhcave.Berkelhammer.2013","S2LR7XglDiUCAP","392","569","578","200","115","216","101"
"477","Mawmluhcave.Berkelhammer.2013","S2LR8MbMTROPjI","392","569","578","200","115","216","101"
"478","Mawmluhcave.Berkelhammer.2013","S2LRE4ZUFzdUQT","392","569","578","200","115","216","101"
"479","MD02-2553.Poore.2009","WEBd4917199","518","","","","","",""
"480","MD99-2266.Moossen.2015","WEBbe8b843b","248","","","","","",""
"481","MD99-2266.Moossen.2015","WEB11e36a24","248","","","","","",""
"482","MD99-2266.Moossen.2015","WEBeac28b13","248","","","","","",""
"483","MeliLake.Anderson.2001","WEBe0e75109","374","","","","","",""
"484","Mendota.Winkler.1983","OLS_Rxv9LmnnQsQ","522","186","","","","",""
"485","Mexico.Limbrey.1976","OLS_RTsihKwmPMu","67","186","","","","",""
"486","MianchengM1.Yang.1998","lcRXvbC4hazRnHK1FGt","676","621","","","","",""
"487","MicaLake.Anderson.2017","lcR51PFKlQqno4VsZWI","508","621","","","","",""
"488","MiddenCluster1.Harbert.2018","WEB613ee041","544","148","","","","",""
"489","MiddenCluster1.Harbert.2018","WEB25ae3120","544","148","","","","",""
"490","MiddenCluster2.Harbert.2018","WEB85c563b9","544","148","","","","",""
"491","MiddenCluster2.Harbert.2018","WEBc9823492","544","148","","","","",""
"492","MiddenCluster3.Harbert.2018","WEBb09859f3","544","148","","","","",""
"493","MiddenCluster3.Harbert.2018","WEB7f9af5c1","544","148","","","","",""
"494","MiddenCluster4.Harbert.2018","WEB05240426","544","148","","","","",""
"495","MiddenCluster4.Harbert.2018","WEB7a49dd55","544","148","","","","",""
"496","MiddenCluster5.Harbert.2018","WEB773f70f5","544","148","","","","",""
"497","MiddenCluster5.Harbert.2018","WEBf0c97cde","544","148","","","","",""
"498","MiddenCluster6.Harbert.2018","WEBf3bcbd67","544","148","","","","",""
"499","MiddenCluster6.Harbert.2018","WEBc7c1ae1d","544","148","","","","",""
"500","MiddenCluster7.Harbert.2018","WEB05a4e59f","544","148","","","","",""
"501","MiddenCluster7.Harbert.2018","WEBc20aba9d","544","148","","","","",""
"502","MiddenCluster8.Harbert.2018","WEB8163f7a4","544","148","","","","",""
"503","MiddenCluster8.Harbert.2018","WEBf52f4207","544","148","","","","",""
"504","MiddenCluster9.Harbert.2018","WEB00c20586","544","148","","","","",""
"505","MiddenCluster9.Harbert.2018","WEBbae8d58a","544","148","","","","",""
"506","Minamihama_MHWL1.Yamamoto.2022","WEB-af994-241c-4196-a6fa-3589e","417","","","","","",""
"507","Minden.Booth.2012","NAm2kHydro015","542","","","","","",""
"508","Minnetonkacave.Lundeen.2013","S2LRLzrOCKJ0i6","692","","","","","",""
"509","Minucua.Goman.2018","WEBb09ddc98","441","","","","","",""
"510","Minucua.Goman.2018","WEBae63e2cc","441","","","","","",""
"511","Miryang.Park.2021","WEB2e632027","309","","","","","",""
"512","Miryang.Park.2021","WEBfbcf81a6","309","","","","","",""
"513","MissionCrossBog.Thompson.1984","lcRrhdt8mGJgTgCwIu9","613","621","","","","",""
"514","MohawkPond.Gaudreau.1986","lcRgMVsDdQMDFsI82dW","214","621","","","","",""
"515","Molinoscave.Moreno.2017","S2LRZ8aI3nEQ7d","11","26","","","","",""
"516","MonoLake.Davis.1999","lcRf9gq05AeCrcXDAIG","476","621","","","","",""
"517","MontCarreHeremence.Welten.1982","lcRI110DdZhuZLCfO81","651","621","","","","",""
"518","MoodyLake.Roy.2003","pdRXf2sxCgEn0CczUtv","550","152","","","","",""
"519","MoonLake.Laird.1996","lcR3ODiGVrOdeMTGOjO","366","621","","","","",""
"520","Moore.Schweger.1983","OLS_RwLxfQP11eP","566","186","","","","",""
"521","MorrisPond.Morris.2013","WEB90956c0c","296","","","","","",""
"522","MorrisPond.Morris.2013","WEBa30eb517","296","","","","","",""
"523","Morttjern.Birks.2012","lcR9d3tUR71Zym2GxwZ","55","621","","","","",""
"524","MottaNaluns.vanderKnaap.1997","lcRgDGHB8seTJysUnfr","700","621","","","","",""
"525","Mrtvyluh.Svobodova.2001","lcRQwutEsOeqKYYHxvG","596","621","","","","",""
"526","MS21PC.Hennekam.2020","WEB-f9320-c765-469f-b4ee-6276b","536","","","","","",""
"527","Mshinskoyeraisedbog.Arslanov.2001","lcRURPnnXHhtNCJhPrL","28","621","","","","",""
"528","MV0811-14JC.Du.2018","LPD7939faee","663","","","","","",""
"529","MyshetskoeDolgoe.Kremenetski.2000","lcR85IhuFYet9fVBJm1","351","621","","","","",""
"530","N14.Andresen.2004","GH77108454","94","","","","","",""
"531","Nabta.Wendorf.1976","OLS_Rrtm3chd7C5","652","186","","","","",""
"532","Naivasha.Richardson.1972","OLS_RFUFyYZUb0P","342","186","","","","",""
"533","NakuruElmenteita.Butzer.1972","OLS_RjwvXKkI618","342","186","","","","",""
"534","NamCo. Kasper.2015","WEB-747c6-735e-4b08-a565-465fb","612","","","","","",""
"535","Nar.Roberts.2016","WEB88fe721c","458","319","419","","","",""
"536","NatlaBog.MacDonald.1983","lcRQaFKDkPHIf6LdubV","208","621","","","","",""
"537","NBJ2015iso.Wong.2015","WEB02d26251","127","","","","","",""
"538","NEEM.Rasmussen.2013","WEB29098c59","555","","","","","",""
"539","NelsonLake.Delcourt.2002","lcR2ADpVvLUJQ0bZHQZ","488","621","","","","",""
"540","Neor.Sharifi.2015","LPDfefd61ba","23","","","","","",""
"541","Nerfloen.Vasskog.2012","LPDce500deb","352","","","","","",""
"542","NevadaPrecip.Hughes.1996","WEB75eec6a6","406","","","","","",""
"543","NewarkValleyPond.Mensing.2008","lcRFg61loqbAXRktuir","568","621","","","","",""
"544","NgamringTso.Conroy. 2017","WEB820982f9","300","","","","","",""
"545","NGHP-16A.Ponton.2012","WEB1e5f0379","95","","","","","",""
"546","Nizhnevartovsk.Neustadt.1971","lcRHrOMi2BPU2oeX6XI","459","621","","","","",""
"547","No_Bottom_Pond.Marsicek.2013","GH8d2bed43","294","","","","","",""
"548","NortheastSharkRiverSlough.Glaser.2013","lcR6YXnNeDv2fjyHQ0H","492","621","","","","",""
"549","NorthGRIP.Gkinis.2014","WEB4eba1170","623","","","","","",""
"550","Novoalexpeatland.Novenko.2016","lcRM94MG6etHseLCjV6","469","621","","","","",""
"551","NovoUspenka.Blyakharchuk.1989","lcRLulYb48KtEkGIREq","59","621","","","","",""
"552","NSRZ_PWetQ.Chevalier.2017","WEB96107d21","408","","","","","",""
"553","NuttLake.Bennett.1987","lcRD3uw2NlnVEYyVEDB","331","621","","","","",""
"554","OC437_07_GC27","WEB801cc768","297","","","","","",""
"555","OC437_07_GC37","WEBa0656c03","297","","","","","",""
"556","OC437_07_GC49","WEBc9694a07","297","","","","","",""
"557","OC437_07_GC68","WEBd1b743fa","297","","","","","",""
"558","ODP1019.Barron.2003","LPDac11991f","313","","","","","",""
"559","Okoboji.Dodd.1968","OLS_R4a8rMDILX2","345","186","","","","",""
"560","OldField.King.1981","lcReP7TW9LscM4pX9SP","283","621","","","","",""
"561","Oregoncavesnationalmonument.Ersek.2012","S2LRtvw0psQup2","630","","","","","",""
"562","ORI-891-16-P1.Kaboth-Bahr.2021","WEB-87b6a-5e14-4618-89be-7923d","585","","","","","",""
"563","OroLake.Michels.2007","GH0c323a35","5","","","","","",""
"564","Ospitale.Watson.1996Legacy","lcR3bsuKx5tY1eHYdiF","118","621","","","","",""
"565","OverGunnarsfjorden.Allen.2007","lcRPMFnjpsyrThm2wUI","324","621","","","","",""
"566","OwensLake.Benson.2002","GHff49b8d3","368","","","","","",""
"567","Oygardstjonn.Birks.2007","lcRNCuYpM1BbEmsE2Jo","54","621","","","","",""
"568","Ozerki.Tarasov.1994","lcR6LYfIIRUIVSNa84H","601","621","","","","",""
"569","Padul.Camuera.2022","WEB-c8f6e-2665-4cfa-846a-481f4","317","","","","","",""
"570","Padul.Camuera.2022","WEB-9a7cd-c928-4876-9177-0f783","317","","","","","",""
"571","Padul.Camuera.2022","WEB-a01b8-a050-4ceb-b3c1-e41a3","317","","","","","",""
"572","Paidre.Saarse.1995","lcRo2OfFrT0Gm5uCDb8","558","621","","","","",""
"573","Pamvotis.Frogley.2001","WEB47e28fe1","437","455","","","","",""
"574","PannelBridge.Waller.1987","lcRvvlSZxS9bXTLaFfY","641","621","","","","",""
"575","ParadiseLake.Steinman.2016","LPD179d915e","84","","","","","",""
"576","ParadiseLake.Steinman.2016","LPDb99b434c","84","","","","","",""
"577","Paraisocave.Wang.2017","S2LRKkd7T4UOdy","662","","","","","",""
"578","ParuCo.Bird.2014","WEB88f459b8","77","","","","","",""
"579","Pashennoe.Tarasov.1994","lcR9TrdUideka9MU4fK","601","621","","","","",""
"580","Patzcuaro.Watts.1982","OLS_ROkPLG6ezuC","647","186","","","","",""
"581","PavullonelFrignano.Vescovi.2010","lcRDPE8R2Ll9LGh8P0b","634","621","","","","",""
"582","PenegorLake.Calcote.2003","lcRKSAUVxPgaePuZst2","520","621","","","","",""
"583","PerchLake.author.1111","lcRyOxxsKid1XcvzymT","noPubOnRecord","621","","","","",""
"584","PereNoelcave.Verheyden.2014","S2LR5E5HYoppj9","633","632","","","","",""
"585","PereNoelcave.Verheyden.2014","S2LR6dZP0RBWKz","633","632","","","","",""
"586","Pergusa.Zanchetta.2007","WEB4686e3e6","361","473","220","","","",""
"587","Pickerel.Watts.1968","OLS_RifcIdFjsr2","243","186","","","","",""
"588","PillonGsteigDiablerets.vanderKnaap.1997","lcRAwlfFkCrGR9UHhR0","700","621","","","","",""
"589","PinkPanthercave.Asmerom.2007","S2LRZakzwznzEB","686","","","","","",""
"590","PixieLake.Brown.2006","WEB69d58fa4","335","","","","","",""
"591","PointEscuminac.Warner.1991Legacy","lcRLarbP2pT7p0Kh393","42","621","","","","",""
"592","PolandSpringPond.author.1111","lcRuSyi5hCNJTteCp9X","noPubOnRecord","621","","","","",""
"593","PosyetBay.Anderson.2002","lcRSIAYzn1UZ8xPJ3S8","15","621","","","","",""
"594","Prespa.Leng.2013","WEB3f7db8eb","429","","","","","",""
"595","PrettyLake.Williams.1974","lcRPJLdE7kvEsaM11zp","657","621","","","","",""
"596","PS009PC.Hennekam.2014","WEB-cff14-bd3c-4764-98e8-65981","537","","","","","",""
"597","PurTazPeatland.Peteet.1998","lcRhVCufSo9bBzCcMnH","500","621","","","","",""
"598","PyeLake.Mott.2009","lcR5p1vTbyYhjbhn154","540","621","","","","",""
"599","PyramidLake.Benson.1990","pdRAD0OoGMqGUoHfFHZ","368","535","152","","","",""
"600","PyramidLake.Benson.2001","LPDe0293a7c","368","","","","","",""
"601","Qindeli.Xia.1988","lcRidlzjKtSWUMlPMg0","661","621","","","","",""
"602","Qinghai.Ji.2005","WEB-85b98-f377-4cb2-a58b-dc9c3","264","","","","","",""
"603","Qinghai.Leipe.2013","GHbd4875df","110","","","","","",""
"604","Qinghai.Liu.2002","WEB6d14587e","188","","","","","",""
"605","Qingtiancave.Liu.2015","S2LRXxThqdCA5e","160","","","","","",""
"606","Qixing.Cai.2001","GH277b6fef","682","","","","","",""
"607","QongjiamongCo.Shen.2003","WEBa860e0be","188","","","","","",""
"608","Quexil.Deevey.1978","OLS_RSQIFjVgiso","156","186","","","","",""
"609","Qunfcave.Fleitmann.2007","S2LRPRzDX3Apju","166","","","","","",""
"610","RainbowLakeBeartooths.Shuman.2016","pdRsQ687U7RBI0qSdyE","80","152","","","","",""
"611","Rainhacave.Cruz.2009","S2LRm3xx7z73Nc","198","","","","","",""
"612","Rainhacave.Cruz.2009","S2LRev7LVrub4Z","198","","","","","",""
"613","Ranger.Brubaker.1983","PYTCYF0YQTU","383","","","","","",""
"614","RantinLake.Pompeani.2012","WEBdb2377bc","135","","","","","",""
"615","Ratasjoen.Velle.2005Legacy","lcRJaPYXhPFpzwSAIk6","631","621","","","","",""
"616","RebeccaLagoon.Saunders.2012","WEBb3fd19e6","336","","","","","",""
"617","RedrockLake.MaherJr.1973","lcRqNrP3cF8Okd3KGC3","403","621","","","","",""
"618","Regetovka.Wacnik.1995","lcRXldXWx5IunOLzL9u","640","621","","","","",""
"619","ReidelLake.AlmquistJacobson.1992","lcR6BJJfRZckOtBFbZP","246","621","","","","",""
"620","Reiersdalvann.Birks.2007","lcRIvs0Q0rvv2CWcbWs","54","621","","","","",""
"621","RhamnusLake.Brown.2006","WEB4581c605","335","","","","","",""
"622","RiceLake.author.1111","lcRSsAIzeDWcvyVipb6","noPubOnRecord","621","","","","",""
"623","RiceLake.McAndrews.1994","lcRaqtkYUpcVFmXJnVU","314","621","","","","",""
"624","RidgeandSlough0205215.Bernhardt.2009","lcRtm2nqesiKFqeqhXe","114","621","","","","",""
"625","RiviereauxFeuilles2.Richard.1981","lcRfnxvvCGEBTBvKcZk","531","621","","","","",""
"626","RogersLake.Davis.1967","lcRqQrMGXooyrseV4cP","409","621","","","","",""
"627","Ruakuricave.Whittaker.2008","S2LRAnGQ24xzrA","656","478","495","","","",""
"628","Ruby.Thompson.1984","OLS_RXjJiwKiDO4","613","186","","","","",""
"629","RubyLakeMarshesLakeFranklin.Thompson.1990","pdRUteHT9P1yzhdRamQ","614","152","","","","",""
"630","RuppertLake.Higuera.2006","lcRITy31dNFpYMrrFH7","383","621","","","","",""
"631","Rusaka.Bonnefille.2000","WEBa1c23512","507","","","","","",""
"632","Rusaka.Bonnefille.2000","WEB8ffcaee7","507","","","","","",""
"633","Russell.Hubbs.1965","OLS_R28mFojQksk","206","186","","","","",""
"634","Rutz.Waddington.1969","OLS_RAcSotekegB","290","186","","","","",""
"635","RutzLake.Stuiver.1975","lcRWHzMmVYYcDf6K32p","445","621","","","","",""
"636","RyderPondCapeCodMassachusetts.Winkler.1995","pdRtkSoE1Q93x2JFV5i","412","152","","","","",""
"637","RyerseLake.author.1111","lcRiq1prtqFDpKinLF2","noPubOnRecord","621","","","","",""
"638","Rystad.Vorren.2012","LPDfc71e6bc","338","","","","","",""
"639","SaCurcurica.Beffa.2016","lcRoGFzRew9WTAEknaI","46","621","","","","",""
"640","Sahiyacave.Sinha.2015","S2LRuTFfyRE5aJ","30","215","","","","",""
"641","Saksunarvatn.Johansen.1982","lcREQ7puIGiJ4dGVajz","311","621","","","","",""
"642","SaladaPequena.author.1111","lcRNeTKafVV1Glibo2e","noPubOnRecord","621","","","","",""
"643","SalardeUyuni.Baker.2001","WEBb3112945","485","","","","","",""
"644","SalmoLake.Edwards.2015","lcRti96IuQQTbmLrU3C","416","621","","","","",""
"645","Sanbaocave.Dong.2010","S2LRvmcMc9Rkdw","307","239","688","","","",""
"646","Sandvikvatn.Paus.1982","lcRUiZGHarjNxAiW1nX","496","621","","","","",""
"647","SanJoaquinMarsh.Davis.1992","lcR3h58B1xMNHkPYwiY","475","621","","","","",""
"648","SchellingsBog.Barron.2004","WEBfde0ea8e","312","","","","","",""
"649","SchellingsBog.Barron.2004","WEB62272ffc","312","","","","","",""
"650","SchoodicPeninsulaHollow.Schauffler.1998","lcRKhWUhucbIA6KVzZ9","564","621","","","","",""
"651","Searles.Stuiver.1964","OLS_RfD6MNlONoM","510","186","","","","",""
"652","SecretValleyMarsh.West.2000","lcRVjgMr8niCWzlOTrs","654","621","","","","",""
"653","Selima.Haynes.1979","OLS_R1vmDg2WuOy","91","186","","","","",""
"654","SelinCo.Sun.1993","WEBdd4fa361","188","","","","","",""
"655","Selitkan1Exposure.Anderson.2002","lcRKWdAzk5gaaCCDOMh","15","621","","","","",""
"656","Sellevollmyra.Vorren.2007","LPD4777044b","339","","","","","",""
"657","SevenLakes.Calder.2016","lcRlQnhC5noD5c3isF7","92","621","","","","",""
"658","SharkeyLake.Camill.2003","lcR5SRLpHOGiAs4Q4SW","502","621","","","","",""
"659","Shatucacave.Bustamante.2016","S2LRFanjoqsyzm","397","","","","","",""
"660","Shigaocave.Jiang.2012","S2LRZPZvtczPu8","665","","","","","",""
"661","Shizi.Yang.2019","WEBd4e40e14","670","","","","","",""
"662","Shkodra.Zanchetta.2012","WEB53be5f2c","221","450","","","","",""
"663","SidiAli.Zielhofer.2019","WEB-fc8d9-7b8f-44c7-b4cb-5a4a1","113","","","","","",""
"664","SihailongwanMaar.Stebich.2015","LPD6fdee25b","414","","","","","",""
"665","SilverLake.Kirby.2015","WEB6e4417db","421","","","","","",""
"666","SilverLake.Kirby.2015","WEB696efa25","421","","","","","",""
"667","SilverLakeLakeMohave.Wells.2003","pdR0bHPwOODs54avzaw","588","152","","","","",""
"668","SimplonGampischAlterSpittel.vanderKnaap.1997","lcRnhx0TV2RqvrweSW7","700","621","","","","",""
"669","SkalaMarioncave.Psomiadis.2018","S2LR6gyBxnVNNh","136","","","","","",""
"670","SO188_342.ContrerasRosales.2014","WEB1afc8afc","364","","","","","",""
"671","SO189_144KL.Mohtadi.2014","WEBecd5f91f","404","181","","","","",""
"672","SO189-119KL.Mohtadi.2014","LPD1d1e6750","404","","","","","",""
"673","SO189-39KL.Mohtadi.2014","LPD1756fdf4","404","","","","","",""
"674","Sonk11D.Lauterbach.2014","LPD343ffe05","583","","","","","",""
"675","Soreqcave.Orland.2009","S2LR8DePB64lKW","261","260","334","446","","",""
"676","SouthRhodyBog.Booth.2012","GH277c77ee","542","","","","","",""
"677","SouthRhodypeatland.Booth.2004","lcRwZudUZlMj01vQXF2","541","621","","","","",""
"678","SPC14.Kahle.2021","WEB5a8bf9f7","177","","","","","",""
"679","SpicerLake.Wang.2016","lcRwnVuzjxKgcJQwS8I","691","621","","","","",""
"680","SpiritLake.Woods.1989","lcR1KT6GyUTH14Ybu8w","346","621","","","","",""
"681","SprucePond.MaenzaGmelch.1997","lcRgKkHN0CyyYoGbYOA","606","621","","","","",""
"682","StagesPond.Snyder.1991","lcRzbcPN2Y2gyo9iwZ9","576","621","","","","",""
"683","StaroselskyMoch.Novenko.2009","lcRaesu0dd88X29ftJX","468","621","","","","",""
"684","Steerenmoos.Rosch.2000","lcR6T9nRWTcVYluBUZX","548","621","","","","",""
"685","StewartBog.JimenezMoreno.2008","lcR5PWLII1WSTWJrKGG","225","621","","","","",""
"686","Stomyren..2008","GH5fffab58","12","","","","","",""
"687","Storsandvatnet.Birks.2012","lcRsxQJCal75WkUpl5m","55","621","","","","",""
"688","Straldzhamire.Connor.2013","lcR0aDYyLrxCMKEkXI7","580","621","","","","",""
"689","Straldzhamire.Tonkov.2009Legacy","lcRyf5ECfdUuscy1RT4","580","621","","","","",""
"690","Styggtjarnen.Giesecke.2005","lcR4l0L8xuHdTs39hQR","611","621","","","","",""
"691","SudobleLake.Elovicheva.1985Legacy","lcRYR1SVCS4M1mdG6Hg","176","621","","","","",""
"692","SumxiCo.Leipe.2014","GH97df1e73","110","","","","","",""
"693","Svartvatnet.Birks.2012","lcRKJqcToTVwvmD59ym","55","621","","","","",""
"694","SvatoboriceMistrin.Svobodova.1989","lcRyY8us0XnFvl0iGrN","594","621","","","","",""
"695","SvenceleBog.author.1111","lcRaRjP3JKMmyWbjhW3","noPubOnRecord","621","","","","",""
"696","SwallowLagoon.Barr.2019","WEB-c74a1-de1f-477c-becc-15b90","87","","","","","",""
"697","SwampbuggyLake.Rohr.2001","lcRRMCoTqUxIBPKGqtp","545","621","","","","",""
"698","SwanLake.Schmieder.2011","LPD1498ea89","274","","","","","",""
"699","SwanLake.Schmieder.2011","LPD03892251","274","","","","","",""
"700","TaguaTagua.Montane.1968","OLS_ROVfSZGskJH","251","186","","","","",""
"701","Takahula.Clegg.2010","GH2f86466e","49","","","","","",""
"702","TalismanCave.Tan.2021","WEBcbb13563","379","","","","","",""
"703","Tamborilcave.Wortham.2017","S2LR9MB33afoO5","37","74","","","","",""
"704","TanaLake.Loomis.2015","WEBf652d8e7","572","432","343","","","",""
"705","Tanganyika.Hecky.1973","OLS_RvTeu3ziD24","539","186","","","","",""
"706","Tanganyika.Tierney.2008","WEBfc31e088","298","","","","","",""
"707","TangleLakes.Ager.1981","lcR4bKnn7hrqLKgZGr3","609","621","","","","",""
"708","TaulZanogutii.Farcas.1999","lcRLTwUkmqSqLkVpHAA","190","621","","","","",""
"709","TaylorLake.Long.2002","lcRdS5DDFcpoNkFmck3","123","621","","","","",""
"710","Tayma.Neugebauer.2022","WEB-8358f-5546-4fa4-9716-b98f3","262","","","","","",""
"711","Telmen.Chen.2008","GH16221a19","189","562","","","","",""
"712","TeReingacave.Lorrey.2008","S2LRMfVuvM6F9K","20","","","","","",""
"713","TermitOuestKandelBouzou.Faure.1963","OLS_RmpO87FXnN9","192","186","","","","",""
"714","TiagoLake.Jimenez-Moreno.2011","WEBe350f165","207","","","","","",""
"715","TianchiLake.Sun.2011","lcRdGds9oOLVuJWyouN","591","621","","","","",""
"716","Tianmen.Cai.2010","S2LR5DxjLd46Qb","677","678","","","","",""
"717","Tiavatnet.Birks.2012","lcR5yi0K8vaJ1pDMGjM","55","621","","","","",""
"718","TiogaPassPond.Anderson.1987","lcR87uwkt1JVsPUAXqa","13","621","","","","",""
"719","Titicaca.Baker.2001","WEBa6153aaf","486","497","","","","",""
"720","Titicaca.Fornace.2014","WEBf46bc2c2","359","574","","","","",""
"721","TLakePalau.Sachs.2018","WEB1f2d5fc5","272","","","","","",""
"722","Tlstahora.Rybnickova.2005","lcRtqapfWlGeedhj31W","553","621","","","","",""
"723","TML1.Lamy.2010","WEB843e2ae7-dup","415","","","","","",""
"724","TML1.Lamy.2010","WEBc7a2aaa7","415","","","","","",""
"725","TomRiverPeat.Anderson.2002","lcRWjXOvOXsBSuCZKoz","15","621","","","","",""
"726","Tonnelnayacave.Cheng.2016","S2LRK7EQh5SRKh","237","","","","","",""
"727","TorontoLake.Wolfe.1996","LPDdf6e03fa","71","","","","","",""
"728","TourbiereCaribou.Richard.1977","lcRK61Zqovd5AsakNEX","530","621","","","","",""
"729","TourbieredelaLande.Pulido.2006","lcRZgqRfwDWqi1fNgxF","505","621","","","","",""
"730","TourbieredeLanoraieCOTEAUJAUNE.Comtois.1982","lcR1A1e4eCK8RCZbrM1","490","621","","","","",""
"731","TourbieredeLanoraieSTJEAN.Comtois.1979","lcROauZ0E6EMlpLEs8f","126","621","","","","",""
"732","TourbieredeParcaysurVienne.Cyprien.2006","lcRcR80wTm1A4RAUIRb","130","621","","","","",""
"733","TourbiereduPeschio.Pulido.2006","lcRw42ai03YAwD4En3b","505","621","","","","",""
"734","Trettetjorn.Bjune.2005Legacy","lcR5MPWfK6sspyzNqi4","56","621","","","","",""
"735","TroarnSaintSamson.Lespez.2010","lcR7lnczhhWSUhBzFx9","377","621","","","","",""
"736","TschokljovoMarsh.Bozilova.1985","lcRscdnEDYcOz51Mjsk","65","621","","","","",""
"737","TsoKar.Demske.2009","WEB371c0497","161","","","","","",""
"738","TsoMoriri.Leipe.2013","GH2b8af51c","110","","","","","",""
"739","Tsuolbmajavri.Korhola.2002","PYTJINRZ45D","1","235","","","","",""
"740","TulareLake.Negrini.2006","pdRwshhqDptCy27nlfs","543","152","","","","",""
"741","Turkana.Butzer.1972","OLS_RDo2ZhhzvEJ","342","186","","","","",""
"742","Turkana.Garcin.2012","WEB-9119d-899e-4084-82c1-1fac9","683","","","","","",""
"743","Tyrrell.Bowler.1986","OLS_RIAO1405W9b","64","186","","","","",""
"744","Uluu-Toocave.Wolff.2017","S2LR6SqowycH0Q","112","","","","","",""
"745","UncleSethsPond.Oswald.2018","lcRNlfrkkQn5Ce0M7QR","639","621","","","","",""
"746","UnitLake.Camill.2012","GH31325f74","501","","","","","",""
"747","UpperBigCreekLake.Shuman.2015","pdRopkg65IV11NRNtq6","81","152","","","","",""
"748","UpperPintoFen.Yu.2003","LPDe806555f","695","","","","","",""
"749","Urmia.Kelts.1986","OLS_RnQ2dbxrFsX","347","186","","","","",""
"750","VallondeProvence.deBeaulieu.1977","lcRwuwEJUSPd5BtSkfF","697","621","","","","",""
"751","VecherniiRiver.Anderson.2002","lcR4HXbcw98F8bYyA5X","15","621","","","","",""
"752","VelkyDed.Rybnicek.2004","lcR3Q9kRsZeRDvtgrkj","552","621","","","","",""
"753","Vera.Bradbury.1986b","OLS_RuVLAvVu5OP","69","186","","","","",""
"754","VestreOykjamyrtjorn.Bjune.2005","lcRr3eI7cqYBPpIQz54","56","621","","","","",""
"755","VishnevskoeLake.Arslanov.1999","lcR8NnFIKkEryjVtdoJ","27","621","","","","",""
"756","Voelvlei.Strobel.2021","WEB7ebd522d","494","","","","","",""
"757","WA01.Rainville.2013","WEBc8473abd","524","","","","","",""
"758","WAISDivide.Cuffey.2016","WEBaa6ac386","356","599","","","","",""
"759","Walker.Hevly.1985","OLS_RzqaAnmlHbH","68","186","","","","",""
"760","WalkerLakeNevada.Adams.2007","pdRD3QFsrrVxQyEFfVO","365","330","152","","","",""
"761","WallbachLenk.vanderKnaap.1997","lcRiJpSfk6qHogZUTSv","700","621","","","","",""
"762","Wangjiadianprofile.Cao.2010","lcRpkrKA2Q4Uru9VFwq","97","621","","","","",""
"763","Wanum.GarrettJones.1979","OLS_Roe2Ri2GOD9","212","186","","","","",""
"764","Waschhorn.Kuhl.1998","lcRLZA5oyAihPeZFLb7","353","621","","","","",""
"765","Washburn.Winkler.1985c","OLS_RXKCFWVRanL","659","186","","","","",""
"766","WaterConservationArea3BGumboLimboFarTail.Willard.2001","lcRCCeOBvoY6ibTb3Lr","138","621","","","","",""
"767","Watten.Gandouin.2002","lcRgSd7F3XOo7P6g0F0","210","621","","","","",""
"768","Wazpretticave.Williams.2005","S2LRQTAjCiqPX4","480","","","","","",""
"769","Weber.Fries.1962","OLS_Rh1QgEylyEm","202","186","","","","",""
"770","Wedge.Macdonald.1982","OLS_RtESqFQmPOU","401","186","","","","",""
"771","Wenquanwetland.Li.2020","lcR13jshNz5dqXWSsRh","306","621","","","","",""
"772","WestOkobojiLake.vanZant.1979","lcRbTXcI79CR4gJxaFC","345","621","","","","",""
"773","WestOlafLake.Nelson.2008","lcRDRHpPMtQHS2p3qME","151","621","","","","",""
"774","WestSidePond.Oswald.2018","lcRT2tIa25Tm8EVwMwr","605","621","","","","",""
"775","WestTwinLakeNebraska.Schmieder.2011","pdRfOJh6SjJ3emsFmsY","274","293","152","","","",""
"776","White.Watts.1980a","OLS_R4QPDsP0JVX","638","186","","","","",""
"777","WhitneysGulch.Lamb.1980","OLS_RKvXdow2D0X","367","186","","","","",""
"778","WielkeGacno.HjelmroosEricsson.1982","OLS_Rnp35KKbNIN","254","186","","","","",""
"779","WiggenhallStGermans.Waller.1994","lcRbLUSpdmvr6eTifaD","643","621","","","","",""
"780","WindmillLake.Bigelow.1997","lcRw0soaBrKg4z1ACYN","52","621","","","","",""
"781","WinneconnetPond.Suter.1985","lcRqcv7HT215BsuiBp5","593","621","","","","",""
"782","Wintergreen.Manny.1978","OLS_RzEmio4JrEJ","407","186","","","","",""
"783","WolsfeldLake.Grimm.1981","lcRopIDpnZtAWYZM2E4","229","621","","","","",""
"784","Wolverine.Mann.2002","GH66374774","139","","","","","",""
"785","Wonderkrater.Truc.2013","WEBd3eaa693","391","362","389","363","","",""
"786","Woryty.Ciesla.1978","lcRgNEo7t886ISDFpMs","116","621","","","","",""
"787","Wulun.Chen.2008","NAm2kHydro106","189","","","","","",""
"788","WuyaCave.Tan.2020","WEB-25055-627a-46a8-868d-f4a69","381","","","","","",""
"789","Xianglongcave.Tan.2018","S2LRljclseoP6S","380","","","","","",""
"790","Xiaobailongcave.Cai.2015","S2LR3sFUdg8g4z","679","","","","","",""
"791","XinguRia.Bertassoli.2019","WEBbed2c631","134","","","","","",""
"792","Xinyacave.T..2007","S2LR4OJ4DeyWph","617","327","","","","",""
"793","Yabitsuyachi.Morita.1987","lcRnpyqRGt7A1AQgJZl","453","621","","","","",""
"794","Yakumo.Leipe.2013","LPD016736e6","111","","","","","",""
"795","Yakumo.Leipe.2013","LPD55404d27","111","","","","","",""
"796","Yakumo.Leipe.2013","LPD72217804","111","","","","","",""
"797","Yamencave.Yang.2010","S2LRaRE1m5yKLj","673","","","","","",""
"798","YellowLake.Anderson.2012","GH95c4057f","373","","","","","",""
"799","Zalozhtsy.Artyushenko.1982","lcRx8TPoWqgtzHDb9wM","29","621","","","","",""
"800","Zaruckoe.Elina.1981","lcRWLf959HwYAt7u0lE","175","621","","","","",""
"801","Zeribar.Van.1963","OLS_R14ZgdIg3vP","205","186","","","","",""
"802","ZhangzangChaka.Qi.1981","OLS_RAPLKNVwmJW","645","186","","","","",""
"803","Zhuliupingcave.Huang.2016","S2LRonoRI4uIVU","649","","","","","",""
"804","Zhuyeze.Chen.2006","GHab77d673","187","","","","","",""
"805","Zhuyeze.Chen.2006","GHb76a109a","187","","","","","",""
"806","ZigetangCo.Herzschuh.2006","WEB94c7839d","620","188","","","","",""
"807","ZiwayShala.Grove.1975","OLS_RRO1Ic9Qv3B","590","186","","","","",""
"808","Zoige.Zhao.2011","WEB-77217-351b-45b8-a4c9-8742e","674","","","","","",""
"809","Gitanga.Bonnefille.2000","WEB188517c5","507","","","","","",""
"810","Jiji.Bonnefille.2000","WEB67e639fd","507","","","","","",""
"811","Leviathan.Lachniet.2014","LPDa57620f7bb","noPubOnRecord","","","","","",""
"812","Spitzkoppe.Chase.2009","WEB29d9f1fb","35","","","","","",""
"813","CederbergMountains.Chase.2015","WEB46f71da9","73","","","","","",""
