"","TSids"
"1","lcRXBFX5DYVlBw4lZHI"
"2","lcRHKtvc1HMQRltXv6E"
"3","lcRiO79S9Ix3TwY9hPY"
"4","lcRxfTrPDKVUtCFt7rs"
"5","lcRzlW3oGuXnInc3Msu"
"6","lcR2SXIdl9wohfxxdbD"
"7","lcRDoKSlINMOkI1PqMf"
"8","lcR9GEASzqUKcowM16T"
"9","lcRXz9wnygIFdmBJCJe"
"10","lcRDlSFQ3FGujgZJ3LN"
"11","lcRKi1dhBq6WuciB6US"
"12","lcRM5YQeikjGgODpYRD"
"13","lcRrnLoUTd7IMmW7hE5"
"14","lcROtMDEQsOa6CKzEBo"
"15","lcRhapwgU8yMeacBLgK"
"16","lcRuTlqjPrHd2xH329d"
"17","lcRYFM1oW2BMerncgWT"
"18","lcR7JrQa2JW0MEcIlwG"
"19","lcRfmVxd7PePxotBtxX"
"20","lcRCIhUix5QOaVYiSJ3"
"21","lcRyuLsI0devWnXL9UK"
"22","lcRmoUYX9CAfAdUW9Re"
"23","lcRFk9bWYJHqyCtFNx8"
"24","lcRux6T4mIrY0kwQeJs"
"25","lcRoCXWDdV0uxUvztLb"
"26","lcRvxK7zhrGHqqmmSr5"
"27","lcRLcJzCjoqgEKwHqBs"
"28","lcRFOyuRIeyddE3MuQ9"
"29","lcRraSSIL4ehrOMpeyc"
"30","lcRWWzCPyjezteZo74a"
"31","lcRseG41EyZPFn7vBuL"
"32","lcRLALDzbV8deV0FSpS"
"33","lcRlOmh5hio8SI6zqLN"
"34","lcRQoeD5swxv5zB9KeA"
"35","lcRUewusWiI9G28ut2a"
"36","lcRi9rpgU3KNzoGhTeP"
"37","lcRPzK3bolAUBI4YPWm"
"38","lcRVRnl9YOspeS2qWJq"
"39","lcRYUf2GzuKWaJw7Cls"
"40","lcRJ9bcRX8zajMu6bEY"
"41","lcRPBnamW5NHR8VPMKn"
"42","lcRaeEm3p5q0v5R3dkJ"
"43","lcRH47ExCxsXc3fhZVO"
"44","lcRI8sX3Od0JpEYzLbI"
"45","lcRxjdbi8n5mfOcteLV"
"46","lcRKr2FoiqFt9fd0w2J"
"47","lcRRQAEsiOSvKg2mTq7"
"48","lcRz2jklJHwfxKMvv1z"
"49","lcR8NsSZHAiFlBflvWP"
"50","lcR03YZlwKcvi9NBBso"
"51","lcReM30B315r999fKee"
"52","lcRm2HAyL9Ow8Vn9ldV"
"53","lcRKzoswtatgqh9p86e"
"54","lcRScfMGWPopcFlEwve"
"55","lcRRxSlrTN8OVtHnbmp"
"56","lcRUbe6c1j2j2brmI3y"
"57","lcRE5QbPJ0FLNw7ktuv"
"58","lcRQgznauTtY1MfGgdK"
"59","lcRlsbmXFmyXRKKhM7a"
"60","lcRtQQC74Cocv8dlqiq"
"61","lcRBfIzOEaoKY4OpCu0"
"62","lcRWXs1OS7FPp0sIlOC"
"63","lcRYN4y5FCQn0BuDu6s"
"64","lcRPtpeHk3QmKrusMf8"
"65","lcRlZG93oUnsBEDKSaM"
"66","lcRgG0nqmKpMbG6TnGY"
"67","lcRICjQTzvniz5Xlx4q"
"68","lcRDYi20GlO0AonbO2J"
"69","lcRkBG2IjDkwtqKcx6y"
"70","lcRf6K3Ujfi8s5aGQ2k"
"71","lcRnIxD1N0tJmJywI9G"
"72","lcRnH3jf8tH4ClLnO43"
"73","lcR9AhAppvA2OXgJvAi"
"74","lcRZoZg8mFwmuOuhnO7"
"75","lcRXeYKFhQZcl9FryEQ"
"76","lcR1bQbrAuTWjAjkdSV"
"77","lcRouwX4QfecNxAemPx"
"78","lcRYHQZme5i2N0fBzz0"
"79","lcRhScBDOfWzXEnwp1A"
"80","lcRR7x41VDYDCPUJV8T"
"81","lcRpbhIeSqLqRxKnBNF"
"82","lcRSMVjlC246WXbuLnK"
"83","lcRKKBJ6j334zCND9v4"
"84","lcRQz7vdye6CXMQO3SI"
"85","lcRg0FX7kDsVlxAdcdh"
"86","lcRTqdPXHtWaFMq3hMc"
"87","lcRQ9mDBHfr9XBLQbUd"
"88","lcRfkhpLwl5zDhzsObe"
"89","lcRlao41kuFDZ74153k"
"90","lcRpmbA744mctx0iYnT"
"91","lcRQNnJ7W7IKng8MaOe"
"92","lcRCyUpvGwoKyOEvQkq"
"93","lcRmOmrZ1GmmblFM6W3"
"94","lcR811cfIlc7gPTWct5"
"95","lcRaZI95pzisAqfMKRi"
"96","lcR89DqINtE3c8u2oBa"
"97","lcRquihWeSVoCRQXYyT"
"98","lcRCOiuJmrTNYijSm8z"
"99","lcRGzeoFV49AbtHJxKb"
"100","lcRy7IhuBaQ6uF11NxS"
"101","lcRzxniarU5TTRDhKkh"
"102","lcRjEweSTJryZAYGb1l"
"103","lcR9Wrg5WflyKPDn0gq"
"104","lcREzhF3Ls6YkH3b9dK"
"105","lcRQfIlOAnlXiGk0QCz"
"106","lcRXLkyFOBBg5jAZeV9"
"107","lcRS0efHRT1BJR9ikbT"
"108","lcRP11grEDTPmBg8KEk"
"109","lcR3bIWhA552iIKLT1e"
"110","lcR1ZBXuVhPXDI89DZT"
"111","lcRNGsv0Rdc2JExg4ck"
"112","lcRu5pCMYC2GUPBBzzd"
"113","lcRRsJBLTTrGwZpaako"
"114","lcR7lkJf5CzFuBWMTZH"
"115","lcRJKbOXTRs7gaPoBqC"
"116","lcRS3drKNxjECOBHubn"
"117","lcRCHngCXxJyC7boD1V"
"118","lcREJxJv4v4Xe4w8NHU"
"119","lcR8mj67gLS492AwE9G"
"120","lcRJSh0UMEWySvvTehJ"
"121","lcRKnkmvI3WSopJhUG5"
"122","lcRuxGlk7M2jIBZRVX9"
"123","lcR7PMjhhOCIJBCqpWw"
"124","lcR2i3W5G42BwI55d4z"
"125","lcR24ksEG9b6zeB53ZK"
"126","lcRY9JluMsRhPsnGrPq"
"127","lcRiW7mrxVo28FuA6iC"
"128","lcRn8pfW2aOkGuGkhHo"
"129","lcRxEJjleCcL9BE7yhk"
"130","lcRqZ63xorXscRkaQkU"
"131","lcRZEIQ110W378d9TOj"
"132","lcRdtSl7jfYKWCM0SIH"
"133","lcR3VLvepAl8jPQ0Jap"
"134","lcRTAPYumbvCzcHXAOG"
"135","lcRUGwWEexWpwOLUlSO"
"136","lcRKSi9CEIDrCS6N9y5"
"137","lcRxypeAN6trKSWT7tq"
"138","lcROpAQxk5Ao0bN7OYy"
"139","lcRbxTYXmaIHDE2ZQHZ"
"140","lcR4Qzw6lCy4TeiU8MG"
"141","lcRb4cZaToq9bd0pTUO"
"142","lcRMHuDYr4ooGY4YFQN"
"143","lcR8K3KbvN8GOh5iSkH"
"144","lcRclYIyYQ8Kq5SvVWo"
"145","lcRU9Wv8xbnApq52K5R"
"146","lcRvWx7hzKylZOr6Ue9"
"147","lcRTFzF9IdSdplxVIsK"
"148","lcRq6t1IHrB7zTbN9av"
"149","lcRJebEqyeZJeTWr9gD"
"150","lcRonkgxC2OuZ5Khx0O"
"151","lcRLUGwe6u9sNwCWBA0"
"152","lcR1swPAuEHYu5rmwNE"
"153","lcR92SM1LEHTVnz3T6Q"
"154","lcRBEvaydIFwOnSZuma"
"155","lcRz3iMAf5YXkq554az"
"156","lcRQLFkYUzyqFavzbXI"
"157","lcRO66HhB9HOPSTtGWS"
"158","lcRzquIL84dpfJdywy3"
"159","lcRU88QgoMtobQ78a50"
"160","lcRiPXC1QOIC1ugFpbT"
"161","lcRuBI86L2fbLUHGeuU"
"162","lcRyQRzcwKdCEM16Z9h"
"163","lcRPCIzys1FJAv11nWi"
"164","lcRjUN7lrKnYMS1DSr3"
"165","lcROBIER3oUzr1eINaV"
"166","lcRukEb6BnbJCwvGQcS"
"167","lcRyc8tsEYpBLQv53H9"
"168","lcRUFhLpJJEIgFJy1fm"
"169","lcRMPkP0JPngepqKt5J"
"170","lcR1zcvlTpHe7Gu2Ozc"
"171","lcRJ5gQAZ1C6slQ2wzM"
"172","lcRsKj7HRaEa8Csoe9n"
"173","lcRGoh2qGUcOrSspCnQ"
"174","lcR2gzCRtzbPXSErk7O"
"175","lcRZkWC1fAUMWFcopmS"
"176","lcRCI2bFYEi8iJDZ3pT"
"177","lcRtljGbgEMRcxcyRwF"
"178","lcRi9DLyVIp1ptYxuLt"
"179","lcRShwFkjy6CGJ3eBei"
"180","lcRCHeP7xkq0keh2M2L"
"181","lcR6zfg40KfwrtKMP1E"
"182","lcRtxJO058HFi2LTtPf"
"183","lcRsGKE1HtShd5fiLfc"
"184","lcR05uuYvKoZnUNKOyb"
"185","lcRws8UtuiI7583vk4v"
"186","lcRTMSt7gELRNTyCnb3"
"187","lcR8fc8B2pDMdMUjVUf"
"188","lcRXvbC4hazRnHK1FGt"
"189","lcR51PFKlQqno4VsZWI"
"190","lcRrhdt8mGJgTgCwIu9"
"191","lcRgMVsDdQMDFsI82dW"
"192","lcRf9gq05AeCrcXDAIG"
"193","lcRI110DdZhuZLCfO81"
"194","lcR3ODiGVrOdeMTGOjO"
"195","lcR9d3tUR71Zym2GxwZ"
"196","lcRgDGHB8seTJysUnfr"
"197","lcRQwutEsOeqKYYHxvG"
"198","lcRURPnnXHhtNCJhPrL"
"199","lcR85IhuFYet9fVBJm1"
"200","lcRQaFKDkPHIf6LdubV"
"201","lcR2ADpVvLUJQ0bZHQZ"
"202","lcRFg61loqbAXRktuir"
"203","lcRHrOMi2BPU2oeX6XI"
"204","lcR6YXnNeDv2fjyHQ0H"
"205","lcRM94MG6etHseLCjV6"
"206","lcRLulYb48KtEkGIREq"
"207","lcRD3uw2NlnVEYyVEDB"
"208","lcReP7TW9LscM4pX9SP"
"209","lcR3bsuKx5tY1eHYdiF"
"210","lcRPMFnjpsyrThm2wUI"
"211","lcRNCuYpM1BbEmsE2Jo"
"212","lcR6LYfIIRUIVSNa84H"
"213","lcRo2OfFrT0Gm5uCDb8"
"214","lcRvvlSZxS9bXTLaFfY"
"215","lcR9TrdUideka9MU4fK"
"216","lcRDPE8R2Ll9LGh8P0b"
"217","lcRKSAUVxPgaePuZst2"
"218","lcRyOxxsKid1XcvzymT"
"219","lcRAwlfFkCrGR9UHhR0"
"220","lcRLarbP2pT7p0Kh393"
"221","lcRuSyi5hCNJTteCp9X"
"222","lcRSIAYzn1UZ8xPJ3S8"
"223","lcRPJLdE7kvEsaM11zp"
"224","lcRhVCufSo9bBzCcMnH"
"225","lcR5p1vTbyYhjbhn154"
"226","lcRidlzjKtSWUMlPMg0"
"227","lcRJaPYXhPFpzwSAIk6"
"228","lcRqNrP3cF8Okd3KGC3"
"229","lcRXldXWx5IunOLzL9u"
"230","lcR6BJJfRZckOtBFbZP"
"231","lcRIvs0Q0rvv2CWcbWs"
"232","lcRSsAIzeDWcvyVipb6"
"233","lcRaqtkYUpcVFmXJnVU"
"234","lcRtm2nqesiKFqeqhXe"
"235","lcRfnxvvCGEBTBvKcZk"
"236","lcRqQrMGXooyrseV4cP"
"237","lcRLjFgm2COLZCD5g59"
"238","lcRITy31dNFpYMrrFH7"
"239","lcRWHzMmVYYcDf6K32p"
"240","lcRiq1prtqFDpKinLF2"
"241","lcRoGFzRew9WTAEknaI"
"242","lcREQ7puIGiJ4dGVajz"
"243","lcRNeTKafVV1Glibo2e"
"244","lcRti96IuQQTbmLrU3C"
"245","lcRUiZGHarjNxAiW1nX"
"246","lcR3h58B1xMNHkPYwiY"
"247","lcRKhWUhucbIA6KVzZ9"
"248","lcRVjgMr8niCWzlOTrs"
"249","lcRKWdAzk5gaaCCDOMh"
"250","lcRlQnhC5noD5c3isF7"
"251","lcR5SRLpHOGiAs4Q4SW"
"252","lcRnhx0TV2RqvrweSW7"
"253","lcRwZudUZlMj01vQXF2"
"254","lcRwnVuzjxKgcJQwS8I"
"255","lcR1KT6GyUTH14Ybu8w"
"256","lcRgKkHN0CyyYoGbYOA"
"257","lcRzbcPN2Y2gyo9iwZ9"
"258","lcRaesu0dd88X29ftJX"
"259","lcR6T9nRWTcVYluBUZX"
"260","lcR5PWLII1WSTWJrKGG"
"261","lcRsxQJCal75WkUpl5m"
"262","lcR0aDYyLrxCMKEkXI7"
"263","lcRyf5ECfdUuscy1RT4"
"264","lcR4l0L8xuHdTs39hQR"
"265","lcRYR1SVCS4M1mdG6Hg"
"266","lcRKJqcToTVwvmD59ym"
"267","lcRyY8us0XnFvl0iGrN"
"268","lcRaRjP3JKMmyWbjhW3"
"269","lcRRMCoTqUxIBPKGqtp"
"270","lcR4bKnn7hrqLKgZGr3"
"271","lcRLTwUkmqSqLkVpHAA"
"272","lcRdS5DDFcpoNkFmck3"
"273","lcRdGds9oOLVuJWyouN"
"274","lcR5yi0K8vaJ1pDMGjM"
"275","lcR87uwkt1JVsPUAXqa"
"276","lcRtqapfWlGeedhj31W"
"277","lcRWjXOvOXsBSuCZKoz"
"278","lcRK61Zqovd5AsakNEX"
"279","lcRZgqRfwDWqi1fNgxF"
"280","lcR1A1e4eCK8RCZbrM1"
"281","lcROauZ0E6EMlpLEs8f"
"282","lcRcR80wTm1A4RAUIRb"
"283","lcRw42ai03YAwD4En3b"
"284","lcR5MPWfK6sspyzNqi4"
"285","lcR7lnczhhWSUhBzFx9"
"286","lcRscdnEDYcOz51Mjsk"
"287","lcRNlfrkkQn5Ce0M7QR"
"288","lcRwuwEJUSPd5BtSkfF"
"289","lcRtoAUZCUcuHH7pJF4"
"290","lcR4HXbcw98F8bYyA5X"
"291","lcR3Q9kRsZeRDvtgrkj"
"292","lcRr3eI7cqYBPpIQz54"
"293","lcR8NnFIKkEryjVtdoJ"
"294","lcRiJpSfk6qHogZUTSv"
"295","lcRpkrKA2Q4Uru9VFwq"
"296","lcRLZA5oyAihPeZFLb7"
"297","lcRCCeOBvoY6ibTb3Lr"
"298","lcRgSd7F3XOo7P6g0F0"
"299","lcR13jshNz5dqXWSsRh"
"300","lcRbTXcI79CR4gJxaFC"
"301","lcRDRHpPMtQHS2p3qME"
"302","lcRT2tIa25Tm8EVwMwr"
"303","lcRbLUSpdmvr6eTifaD"
"304","lcRw0soaBrKg4z1ACYN"
"305","lcRqcv7HT215BsuiBp5"
"306","lcRopIDpnZtAWYZM2E4"
"307","lcRgNEo7t886ISDFpMs"
"308","lcRnpyqRGt7A1AQgJZl"
"309","lcRx8TPoWqgtzHDb9wM"
"310","lcRWLf959HwYAt7u0lE"
